-- phpMyAdmin SQL Dump
-- version 4.6.5.1
-- https://www.phpmyadmin.net/
--
-- Host: localhost:8889
-- Generation Time: Mar 16, 2017 at 05:04 PM
-- Server version: 5.6.34
-- PHP Version: 7.1.0

SET SQL_MODE = "NO_AUTO_VALUE_ON_ZERO";
SET time_zone = "+00:00";

--
-- Database: `Pano`
--

-- --------------------------------------------------------

--
-- Table structure for table `collections`
--

CREATE TABLE `collections` (
  `CollectionID` int(40) NOT NULL,
  `GroupID` int(20) DEFAULT NULL,
  `OwnerID` int(20) NOT NULL,
  `Caption` varchar(100) NOT NULL,
  `CreatedTime` timestamp NOT NULL DEFAULT CURRENT_TIMESTAMP,
  `SettingID` int(5) NOT NULL
) ENGINE=InnoDB DEFAULT CHARSET=utf8;

--
-- Dumping data for table `collections`
--

INSERT INTO `collections` (`CollectionID`, `GroupID`, `OwnerID`, `Caption`, `CreatedTime`, `SettingID`) VALUES
(21, NULL, 12400, 'Brasil!', '2017-03-15 16:55:03', 3),
(31, 21, 12399, 'Pano Development Diary', '2017-03-15 17:05:44', 4),
(41, NULL, 12399, 'Nature', '2017-03-16 00:37:03', 3),
(51, NULL, 12399, 'Cityscapes', '2017-03-16 14:22:38', 3),
(61, NULL, 12399, 'My Trip to Cambodia', '2017-03-16 14:42:04', 3),
(71, 51, 12399, 'Man Utd with the Lads', '2017-03-16 16:20:53', 4),
(72, NULL, 12399, 'Icelandic Adventures :)', '2017-03-16 16:21:58', 3);

-- --------------------------------------------------------

--
-- Table structure for table `comments`
--

CREATE TABLE `comments` (
  `CommentID` int(40) NOT NULL,
  `UserID` int(20) NOT NULL,
  `PostID` varchar(200) NOT NULL,
  `Comment` text NOT NULL,
  `CommentTime` timestamp NOT NULL DEFAULT CURRENT_TIMESTAMP
) ENGINE=InnoDB DEFAULT CHARSET=utf8;

--
-- Dumping data for table `comments`
--

INSERT INTO `comments` (`CommentID`, `UserID`, `PostID`, `Comment`, `CommentTime`) VALUES
(11381, 12404, '1db4cbdb2a97ebb1bc5958601044f336672cc6860dbd07c6c3eb7a9647d070af', 'San Francisco is beautiful!', '2017-03-15 14:29:55'),
(11401, 12401, 'b68a1f3b7304486b1cdde34143b0989d05eaef37d8cfa2a1b0ecae18e030bbc5', 'great pic Mr Li', '2017-03-15 14:34:57'),
(11411, 12404, 'b68a1f3b7304486b1cdde34143b0989d05eaef37d8cfa2a1b0ecae18e030bbc5', 'Awesome seats!', '2017-03-15 14:37:56'),
(11421, 12399, '1db4cbdb2a97ebb1bc5958601044f336672cc6860dbd07c6c3eb7a9647d070af', 'awesome bro!', '2017-03-15 14:39:14'),
(11431, 12399, 'd5185f84b6d2b5d45233609b2a67feeeba4eb6f69c0de2f3bb1df7397aa62032', 'amazing view dude!', '2017-03-15 14:43:00'),
(11441, 12399, '46406323d7d0bdfb699ea11af8512f858f6cce46900d45a0f5bceca6c0fa17c3', 'Beautiful reflection and sunset man!', '2017-03-15 16:56:32'),
(11471, 12400, '4fdd87030a34f848817205e45499d3445b2b3c33814f13fff261d684732bca03', 'haha yeah look how happy I am...optimising for mobile...;D', '2017-03-15 21:09:57'),
(11481, 12401, '220ee91147910b8f3df986f37dbf71579d041a154976a056361f6d8554a1ca00', 'the coder base', '2017-03-15 21:30:07'),
(11491, 12400, '220ee91147910b8f3df986f37dbf71579d041a154976a056361f6d8554a1ca00', 'HQ', '2017-03-15 21:36:47'),
(11501, 12400, '410e82e1c0c8717804419aded78772653a96cd954d75f10fb91609096ad767fb', 'This was nice', '2017-03-15 21:36:55'),
(11511, 12399, '9141c08f01c6440e828a07ede59aeb44c7a57a8d59d4d94e3d411657a2d44b5a', 'Dude you love your sunsets :D', '2017-03-15 21:53:14'),
(11531, 12399, '525f28a7c7bd944d81dbf2ee05888c16df76aabd63443ced4eb85baf6e7afa07', 'sandy!', '2017-03-16 16:07:04'),
(11532, 12399, 'e5ed03ababb5f0a058e5a72985379709f69efcac1d55b6303e52816da141151c', 'the home of the gang eh?', '2017-03-16 16:07:17'),
(11533, 12399, '9a68e086d2b51696e490ed5f8b9ab5b16ab7693fa22a211a8603d7c0376a1d26', 'Ah man, I didnt know you were in london?!', '2017-03-16 16:07:46'),
(11534, 12399, '72ee51c846f4bf321848f7a7a29ee63ea46fa65a3e8edee284c1a4f432515f87', 'Quite a photographer you are Johannes!', '2017-03-16 16:08:11'),
(11535, 12399, 'e4642ad41ae9b0bd88152c8c848e51797499fbc8f5bfb5fc7f6bf618491c6501', 'Wow, did you have to break in???', '2017-03-16 16:08:44'),
(11536, 12399, '7a6cf72049d0757f02681e2961a2c86308902ca925cde8d8777a2d842960489c', 'Did you really take this?', '2017-03-16 16:19:57');

-- --------------------------------------------------------

--
-- Table structure for table `friendrecommendations`
--

CREATE TABLE `friendrecommendations` (
  `UserID` int(20) NOT NULL,
  `FriendID1` int(20) DEFAULT NULL,
  `FriendID2` int(20) DEFAULT NULL,
  `FriendID3` int(20) DEFAULT NULL,
  `FriendID4` int(20) DEFAULT NULL,
  `FriendID5` int(20) DEFAULT NULL
) ENGINE=InnoDB DEFAULT CHARSET=utf8;

--
-- Dumping data for table `friendrecommendations`
--

INSERT INTO `friendrecommendations` (`UserID`, `FriendID1`, `FriendID2`, `FriendID3`, `FriendID4`, `FriendID5`) VALUES
(12399, 12408, 12403, 12417, 12434, 12425),
(12400, 12422, 12432, 12417, 12415, 12418),
(12401, 12427, 12421, 12430, 12416, 12404),
(12402, 12403, 12428, 12406, 12417, 12414),
(12403, 12422, 12414, 12399, 12421, 12402),
(12404, 12431, 12422, 12401, 12432, 12416),
(12405, 12420, 12428, 12434, 12412, 12433),
(12406, 12418, 12432, 12408, 12402, 12421),
(12407, 12413, 12408, 12433, 12412, 12430),
(12408, 12417, 12406, 12418, 12432, 12409),
(12409, 12399, 12418, 12408, 12430, 12416),
(12410, 12414, 12422, 12402, 12424, 12411),
(12411, 12422, 12410, 12416, 12429, 12431),
(12412, 12405, 12407, 12434, 12430, 12424),
(12413, 12424, 12407, 12433, 12416, 12421),
(12414, 12417, 12428, 12419, 12421, 12402),
(12415, 12428, 12404, 12414, 12420, 12417),
(12416, 12419, 12432, 12418, 12404, 12409),
(12417, 12399, 12415, 12407, 12408, 12402),
(12418, 12432, 12416, 12408, 12430, 12409),
(12419, 12414, 12406, 12421, 12430, 12416),
(12420, 12434, 12404, 12433, 12428, 12424),
(12421, 12427, 12414, 12413, 12429, 12406),
(12422, 12403, 12410, 12424, 12402, 12404),
(12423, 12430, 12411, 12420, 12414, 12424),
(12424, 12413, 12431, 12434, 12420, 12412),
(12425, 12433, 12407, 12424, 12405, 12409),
(12426, 12431, 12402, 12399, 12404, 12407),
(12427, 12430, 12421, 12414, 12420, 12433),
(12428, 12420, 12402, 12414, 12429, 12433),
(12429, 12421, 12400, 12431, 12411, 12428),
(12430, 12409, 12433, 12407, 12418, 12412),
(12431, 12429, 12411, 12426, 12434, 12424),
(12432, 12416, 12408, 12404, 12409, 12406),
(12433, 12430, 12407, 12405, 12420, 12413),
(12434, 12412, 12424, 12431, 12420, 12405),
(12435, 12416, 12404, 12430, 12421, 12424),
(12436, 12416, 12424, 12409, 12407, 12406),
(12437, 12402, 12424, 12428, 12404, 12403),
(12438, 12402, 12428, 12432, 12416, 12408),
(12439, 12432, 12424, 12400, 12399, 12416),
(12440, 12409, 12404, 12428, 12421, 12418),
(12444, 12427, 12429, 12428, 12423, 12422),
(12445, 12427, 12418, 12448, 12407, 12440),
(12448, 12427, 12415, 12407, 12440, 12437),
(12450, 12427, 12415, 12407, 12440, 12437),
(12451, 12399, 12427, 12431, 12435, 12428),
(12471, NULL, NULL, NULL, NULL, NULL),
(12481, NULL, NULL, NULL, NULL, NULL),
(12491, NULL, NULL, NULL, NULL, NULL),
(12501, NULL, NULL, NULL, NULL, NULL),
(12511, 12427, 12415, 12448, 12407, 12440),
(12512, 12405, 12407, 12511, 12427, 12409),
(12513, 12511, 12405, 12512, 12407, 12409);

-- --------------------------------------------------------

--
-- Table structure for table `friendrequests`
--

CREATE TABLE `friendrequests` (
  `UserID` int(20) NOT NULL,
  `FriendID` int(20) NOT NULL
) ENGINE=InnoDB DEFAULT CHARSET=utf8;

--
-- Dumping data for table `friendrequests`
--

INSERT INTO `friendrequests` (`UserID`, `FriendID`) VALUES
(12451, 12401),
(12400, 12411),
(12400, 12412),
(12400, 12429),
(12399, 12431),
(12400, 12434);

-- --------------------------------------------------------

--
-- Table structure for table `friends`
--

CREATE TABLE `friends` (
  `UserID` int(20) NOT NULL,
  `FriendID` int(20) NOT NULL
) ENGINE=InnoDB DEFAULT CHARSET=utf8;

--
-- Dumping data for table `friends`
--

INSERT INTO `friends` (`UserID`, `FriendID`) VALUES
(12400, 12399),
(12401, 12399),
(12402, 12399),
(12404, 12399),
(12405, 12399),
(12406, 12399),
(12407, 12399),
(12410, 12399),
(12412, 12399),
(12414, 12399),
(12416, 12399),
(12419, 12399),
(12420, 12399),
(12422, 12399),
(12423, 12399),
(12424, 12399),
(12427, 12399),
(12428, 12399),
(12429, 12399),
(12430, 12399),
(12436, 12399),
(12438, 12399),
(12444, 12399),
(12511, 12399),
(12512, 12399),
(12513, 12399),
(12399, 12400),
(12401, 12400),
(12402, 12400),
(12403, 12400),
(12404, 12400),
(12405, 12400),
(12406, 12400),
(12407, 12400),
(12408, 12400),
(12409, 12400),
(12413, 12400),
(12414, 12400),
(12416, 12400),
(12419, 12400),
(12420, 12400),
(12423, 12400),
(12426, 12400),
(12427, 12400),
(12428, 12400),
(12431, 12400),
(12433, 12400),
(12435, 12400),
(12436, 12400),
(12437, 12400),
(12440, 12400),
(12448, 12400),
(12451, 12400),
(12511, 12400),
(12512, 12400),
(12513, 12400),
(12399, 12401),
(12400, 12401),
(12402, 12401),
(12403, 12401),
(12405, 12401),
(12407, 12401),
(12408, 12401),
(12409, 12401),
(12412, 12401),
(12417, 12401),
(12420, 12401),
(12424, 12401),
(12425, 12401),
(12426, 12401),
(12432, 12401),
(12434, 12401),
(12438, 12401),
(12439, 12401),
(12511, 12401),
(12512, 12401),
(12513, 12401),
(12399, 12402),
(12400, 12402),
(12401, 12402),
(12404, 12402),
(12405, 12402),
(12407, 12402),
(12408, 12402),
(12409, 12402),
(12411, 12402),
(12412, 12402),
(12415, 12402),
(12416, 12402),
(12418, 12402),
(12421, 12402),
(12423, 12402),
(12424, 12402),
(12425, 12402),
(12427, 12402),
(12429, 12402),
(12430, 12402),
(12431, 12402),
(12432, 12402),
(12433, 12402),
(12434, 12402),
(12435, 12402),
(12439, 12402),
(12448, 12402),
(12451, 12402),
(12481, 12402),
(12511, 12402),
(12512, 12402),
(12513, 12402),
(12400, 12403),
(12401, 12403),
(12404, 12403),
(12405, 12403),
(12406, 12403),
(12407, 12403),
(12408, 12403),
(12412, 12403),
(12413, 12403),
(12416, 12403),
(12418, 12403),
(12419, 12403),
(12420, 12403),
(12424, 12403),
(12425, 12403),
(12428, 12403),
(12430, 12403),
(12432, 12403),
(12433, 12403),
(12399, 12404),
(12400, 12404),
(12402, 12404),
(12403, 12404),
(12405, 12404),
(12406, 12404),
(12407, 12404),
(12408, 12404),
(12409, 12404),
(12410, 12404),
(12411, 12404),
(12412, 12404),
(12413, 12404),
(12414, 12404),
(12417, 12404),
(12418, 12404),
(12421, 12404),
(12423, 12404),
(12424, 12404),
(12425, 12404),
(12428, 12404),
(12430, 12404),
(12433, 12404),
(12434, 12404),
(12438, 12404),
(12399, 12405),
(12400, 12405),
(12401, 12405),
(12402, 12405),
(12403, 12405),
(12404, 12405),
(12406, 12405),
(12408, 12405),
(12410, 12405),
(12414, 12405),
(12416, 12405),
(12417, 12405),
(12419, 12405),
(12421, 12405),
(12422, 12405),
(12424, 12405),
(12430, 12405),
(12432, 12405),
(12435, 12405),
(12439, 12405),
(12399, 12406),
(12400, 12406),
(12403, 12406),
(12404, 12406),
(12405, 12406),
(12407, 12406),
(12409, 12406),
(12410, 12406),
(12411, 12406),
(12412, 12406),
(12413, 12406),
(12415, 12406),
(12416, 12406),
(12417, 12406),
(12420, 12406),
(12422, 12406),
(12424, 12406),
(12427, 12406),
(12428, 12406),
(12429, 12406),
(12430, 12406),
(12432, 12406),
(12433, 12406),
(12437, 12406),
(12439, 12406),
(12440, 12406),
(12399, 12407),
(12400, 12407),
(12401, 12407),
(12402, 12407),
(12403, 12407),
(12404, 12407),
(12406, 12407),
(12409, 12407),
(12410, 12407),
(12411, 12407),
(12414, 12407),
(12415, 12407),
(12416, 12407),
(12418, 12407),
(12420, 12407),
(12421, 12407),
(12424, 12407),
(12427, 12407),
(12428, 12407),
(12429, 12407),
(12431, 12407),
(12432, 12407),
(12434, 12407),
(12437, 12407),
(12438, 12407),
(12440, 12407),
(12400, 12408),
(12401, 12408),
(12402, 12408),
(12403, 12408),
(12404, 12408),
(12405, 12408),
(12410, 12408),
(12411, 12408),
(12412, 12408),
(12413, 12408),
(12414, 12408),
(12415, 12408),
(12416, 12408),
(12420, 12408),
(12421, 12408),
(12422, 12408),
(12423, 12408),
(12424, 12408),
(12425, 12408),
(12426, 12408),
(12427, 12408),
(12430, 12408),
(12431, 12408),
(12433, 12408),
(12434, 12408),
(12400, 12409),
(12401, 12409),
(12402, 12409),
(12404, 12409),
(12406, 12409),
(12407, 12409),
(12410, 12409),
(12411, 12409),
(12412, 12409),
(12413, 12409),
(12414, 12409),
(12415, 12409),
(12417, 12409),
(12419, 12409),
(12420, 12409),
(12421, 12409),
(12422, 12409),
(12423, 12409),
(12424, 12409),
(12426, 12409),
(12428, 12409),
(12429, 12409),
(12431, 12409),
(12433, 12409),
(12434, 12409),
(12435, 12409),
(12437, 12409),
(12399, 12410),
(12404, 12410),
(12405, 12410),
(12406, 12410),
(12407, 12410),
(12408, 12410),
(12409, 12410),
(12412, 12410),
(12417, 12410),
(12418, 12410),
(12419, 12410),
(12421, 12410),
(12428, 12410),
(12430, 12410),
(12432, 12410),
(12434, 12410),
(12435, 12410),
(12440, 12410),
(12402, 12411),
(12404, 12411),
(12406, 12411),
(12407, 12411),
(12408, 12411),
(12409, 12411),
(12413, 12411),
(12415, 12411),
(12417, 12411),
(12418, 12411),
(12419, 12411),
(12421, 12411),
(12424, 12411),
(12425, 12411),
(12430, 12411),
(12432, 12411),
(12433, 12411),
(12434, 12411),
(12435, 12411),
(12437, 12411),
(12440, 12411),
(12399, 12412),
(12401, 12412),
(12402, 12412),
(12403, 12412),
(12404, 12412),
(12406, 12412),
(12408, 12412),
(12409, 12412),
(12410, 12412),
(12414, 12412),
(12416, 12412),
(12417, 12412),
(12418, 12412),
(12419, 12412),
(12420, 12412),
(12421, 12412),
(12422, 12412),
(12425, 12412),
(12426, 12412),
(12427, 12412),
(12429, 12412),
(12430, 12412),
(12437, 12412),
(12440, 12412),
(12400, 12413),
(12403, 12413),
(12404, 12413),
(12406, 12413),
(12408, 12413),
(12409, 12413),
(12411, 12413),
(12415, 12413),
(12417, 12413),
(12418, 12413),
(12420, 12413),
(12422, 12413),
(12423, 12413),
(12426, 12413),
(12428, 12413),
(12430, 12413),
(12431, 12413),
(12432, 12413),
(12434, 12413),
(12437, 12413),
(12439, 12413),
(12399, 12414),
(12400, 12414),
(12404, 12414),
(12405, 12414),
(12407, 12414),
(12408, 12414),
(12409, 12414),
(12412, 12414),
(12416, 12414),
(12418, 12414),
(12419, 12414),
(12420, 12414),
(12424, 12414),
(12426, 12414),
(12429, 12414),
(12430, 12414),
(12431, 12414),
(12432, 12414),
(12433, 12414),
(12434, 12414),
(12435, 12414),
(12436, 12414),
(12402, 12415),
(12406, 12415),
(12407, 12415),
(12408, 12415),
(12409, 12415),
(12411, 12415),
(12413, 12415),
(12416, 12415),
(12418, 12415),
(12421, 12415),
(12423, 12415),
(12424, 12415),
(12427, 12415),
(12429, 12415),
(12430, 12415),
(12431, 12415),
(12432, 12415),
(12433, 12415),
(12435, 12415),
(12437, 12415),
(12481, 12415),
(12399, 12416),
(12400, 12416),
(12402, 12416),
(12403, 12416),
(12405, 12416),
(12406, 12416),
(12407, 12416),
(12408, 12416),
(12412, 12416),
(12414, 12416),
(12415, 12416),
(12417, 12416),
(12420, 12416),
(12421, 12416),
(12422, 12416),
(12423, 12416),
(12424, 12416),
(12425, 12416),
(12426, 12416),
(12427, 12416),
(12428, 12416),
(12429, 12416),
(12430, 12416),
(12431, 12416),
(12433, 12416),
(12434, 12416),
(12437, 12416),
(12440, 12416),
(12501, 12416),
(12401, 12417),
(12404, 12417),
(12405, 12417),
(12406, 12417),
(12409, 12417),
(12410, 12417),
(12411, 12417),
(12412, 12417),
(12413, 12417),
(12416, 12417),
(12420, 12417),
(12421, 12417),
(12422, 12417),
(12424, 12417),
(12427, 12417),
(12429, 12417),
(12430, 12417),
(12432, 12417),
(12433, 12417),
(12434, 12417),
(12435, 12417),
(12437, 12417),
(12439, 12417),
(12441, 12417),
(12402, 12418),
(12403, 12418),
(12404, 12418),
(12407, 12418),
(12410, 12418),
(12411, 12418),
(12412, 12418),
(12413, 12418),
(12414, 12418),
(12415, 12418),
(12420, 12418),
(12421, 12418),
(12423, 12418),
(12424, 12418),
(12426, 12418),
(12427, 12418),
(12428, 12418),
(12429, 12418),
(12431, 12418),
(12434, 12418),
(12437, 12418),
(12399, 12419),
(12400, 12419),
(12403, 12419),
(12405, 12419),
(12409, 12419),
(12410, 12419),
(12411, 12419),
(12412, 12419),
(12414, 12419),
(12420, 12419),
(12423, 12419),
(12424, 12419),
(12426, 12419),
(12428, 12419),
(12429, 12419),
(12431, 12419),
(12433, 12419),
(12434, 12419),
(12435, 12419),
(12436, 12419),
(12437, 12419),
(12399, 12420),
(12400, 12420),
(12401, 12420),
(12403, 12420),
(12406, 12420),
(12407, 12420),
(12408, 12420),
(12409, 12420),
(12412, 12420),
(12413, 12420),
(12414, 12420),
(12416, 12420),
(12417, 12420),
(12418, 12420),
(12419, 12420),
(12421, 12420),
(12422, 12420),
(12426, 12420),
(12429, 12420),
(12430, 12420),
(12431, 12420),
(12436, 12420),
(12437, 12420),
(12402, 12421),
(12404, 12421),
(12405, 12421),
(12407, 12421),
(12408, 12421),
(12409, 12421),
(12410, 12421),
(12411, 12421),
(12412, 12421),
(12415, 12421),
(12416, 12421),
(12417, 12421),
(12418, 12421),
(12420, 12421),
(12422, 12421),
(12423, 12421),
(12424, 12421),
(12425, 12421),
(12428, 12421),
(12430, 12421),
(12431, 12421),
(12432, 12421),
(12433, 12421),
(12434, 12421),
(12436, 12421),
(12437, 12421),
(12438, 12421),
(12399, 12422),
(12405, 12422),
(12406, 12422),
(12408, 12422),
(12409, 12422),
(12412, 12422),
(12413, 12422),
(12416, 12422),
(12417, 12422),
(12420, 12422),
(12421, 12422),
(12425, 12422),
(12428, 12422),
(12429, 12422),
(12430, 12422),
(12432, 12422),
(12433, 12422),
(12434, 12422),
(12437, 12422),
(12445, 12422),
(12399, 12423),
(12400, 12423),
(12402, 12423),
(12404, 12423),
(12408, 12423),
(12409, 12423),
(12413, 12423),
(12415, 12423),
(12416, 12423),
(12418, 12423),
(12419, 12423),
(12421, 12423),
(12425, 12423),
(12426, 12423),
(12429, 12423),
(12431, 12423),
(12432, 12423),
(12433, 12423),
(12435, 12423),
(12399, 12424),
(12401, 12424),
(12402, 12424),
(12403, 12424),
(12404, 12424),
(12405, 12424),
(12406, 12424),
(12407, 12424),
(12408, 12424),
(12409, 12424),
(12411, 12424),
(12414, 12424),
(12415, 12424),
(12416, 12424),
(12417, 12424),
(12418, 12424),
(12419, 12424),
(12421, 12424),
(12426, 12424),
(12427, 12424),
(12428, 12424),
(12429, 12424),
(12430, 12424),
(12432, 12424),
(12433, 12424),
(12438, 12424),
(12441, 12424),
(12401, 12425),
(12402, 12425),
(12403, 12425),
(12404, 12425),
(12408, 12425),
(12411, 12425),
(12412, 12425),
(12416, 12425),
(12421, 12425),
(12422, 12425),
(12423, 12425),
(12430, 12425),
(12431, 12425),
(12432, 12425),
(12434, 12425),
(12438, 12425),
(12445, 12425),
(12400, 12426),
(12401, 12426),
(12408, 12426),
(12409, 12426),
(12412, 12426),
(12413, 12426),
(12414, 12426),
(12416, 12426),
(12418, 12426),
(12419, 12426),
(12420, 12426),
(12423, 12426),
(12424, 12426),
(12427, 12426),
(12428, 12426),
(12429, 12426),
(12430, 12426),
(12434, 12426),
(12435, 12426),
(12436, 12426),
(12399, 12427),
(12400, 12427),
(12402, 12427),
(12406, 12427),
(12407, 12427),
(12408, 12427),
(12412, 12427),
(12415, 12427),
(12416, 12427),
(12417, 12427),
(12418, 12427),
(12424, 12427),
(12426, 12427),
(12428, 12427),
(12429, 12427),
(12431, 12427),
(12432, 12427),
(12436, 12427),
(12438, 12427),
(12439, 12427),
(12399, 12428),
(12400, 12428),
(12403, 12428),
(12404, 12428),
(12406, 12428),
(12407, 12428),
(12409, 12428),
(12410, 12428),
(12413, 12428),
(12416, 12428),
(12418, 12428),
(12419, 12428),
(12421, 12428),
(12422, 12428),
(12424, 12428),
(12426, 12428),
(12427, 12428),
(12430, 12428),
(12431, 12428),
(12432, 12428),
(12434, 12428),
(12436, 12428),
(12440, 12428),
(12399, 12429),
(12402, 12429),
(12406, 12429),
(12407, 12429),
(12409, 12429),
(12412, 12429),
(12414, 12429),
(12415, 12429),
(12416, 12429),
(12417, 12429),
(12418, 12429),
(12419, 12429),
(12420, 12429),
(12422, 12429),
(12423, 12429),
(12424, 12429),
(12426, 12429),
(12427, 12429),
(12430, 12429),
(12432, 12429),
(12433, 12429),
(12435, 12429),
(12436, 12429),
(12437, 12429),
(12399, 12430),
(12402, 12430),
(12403, 12430),
(12404, 12430),
(12405, 12430),
(12406, 12430),
(12408, 12430),
(12410, 12430),
(12411, 12430),
(12412, 12430),
(12413, 12430),
(12414, 12430),
(12415, 12430),
(12416, 12430),
(12417, 12430),
(12420, 12430),
(12421, 12430),
(12422, 12430),
(12424, 12430),
(12425, 12430),
(12426, 12430),
(12428, 12430),
(12429, 12430),
(12431, 12430),
(12432, 12430),
(12434, 12430),
(12436, 12430),
(12437, 12430),
(12439, 12430),
(12400, 12431),
(12402, 12431),
(12407, 12431),
(12408, 12431),
(12409, 12431),
(12413, 12431),
(12414, 12431),
(12415, 12431),
(12416, 12431),
(12418, 12431),
(12419, 12431),
(12420, 12431),
(12421, 12431),
(12423, 12431),
(12425, 12431),
(12427, 12431),
(12428, 12431),
(12430, 12431),
(12433, 12431),
(12435, 12431),
(12436, 12431),
(12437, 12431),
(12440, 12431),
(12401, 12432),
(12402, 12432),
(12403, 12432),
(12405, 12432),
(12406, 12432),
(12407, 12432),
(12410, 12432),
(12411, 12432),
(12413, 12432),
(12414, 12432),
(12415, 12432),
(12417, 12432),
(12421, 12432),
(12422, 12432),
(12423, 12432),
(12424, 12432),
(12425, 12432),
(12427, 12432),
(12428, 12432),
(12429, 12432),
(12430, 12432),
(12433, 12432),
(12437, 12432),
(12400, 12433),
(12402, 12433),
(12403, 12433),
(12404, 12433),
(12406, 12433),
(12408, 12433),
(12409, 12433),
(12411, 12433),
(12414, 12433),
(12415, 12433),
(12416, 12433),
(12417, 12433),
(12419, 12433),
(12421, 12433),
(12422, 12433),
(12423, 12433),
(12424, 12433),
(12429, 12433),
(12431, 12433),
(12432, 12433),
(12435, 12433),
(12436, 12433),
(12437, 12433),
(12401, 12434),
(12402, 12434),
(12404, 12434),
(12407, 12434),
(12408, 12434),
(12409, 12434),
(12410, 12434),
(12411, 12434),
(12413, 12434),
(12414, 12434),
(12416, 12434),
(12417, 12434),
(12418, 12434),
(12419, 12434),
(12421, 12434),
(12422, 12434),
(12425, 12434),
(12426, 12434),
(12428, 12434),
(12430, 12434),
(12435, 12434),
(12440, 12434),
(12400, 12435),
(12402, 12435),
(12405, 12435),
(12409, 12435),
(12410, 12435),
(12411, 12435),
(12414, 12435),
(12415, 12435),
(12417, 12435),
(12419, 12435),
(12423, 12435),
(12426, 12435),
(12429, 12435),
(12431, 12435),
(12433, 12435),
(12434, 12435),
(12399, 12436),
(12400, 12436),
(12414, 12436),
(12419, 12436),
(12420, 12436),
(12421, 12436),
(12426, 12436),
(12427, 12436),
(12428, 12436),
(12429, 12436),
(12430, 12436),
(12431, 12436),
(12433, 12436),
(12400, 12437),
(12406, 12437),
(12407, 12437),
(12409, 12437),
(12411, 12437),
(12412, 12437),
(12413, 12437),
(12415, 12437),
(12416, 12437),
(12417, 12437),
(12418, 12437),
(12419, 12437),
(12420, 12437),
(12421, 12437),
(12422, 12437),
(12429, 12437),
(12430, 12437),
(12431, 12437),
(12432, 12437),
(12433, 12437),
(12399, 12438),
(12401, 12438),
(12404, 12438),
(12407, 12438),
(12421, 12438),
(12424, 12438),
(12425, 12438),
(12427, 12438),
(12401, 12439),
(12402, 12439),
(12405, 12439),
(12406, 12439),
(12413, 12439),
(12417, 12439),
(12427, 12439),
(12430, 12439),
(12400, 12440),
(12406, 12440),
(12407, 12440),
(12410, 12440),
(12411, 12440),
(12412, 12440),
(12416, 12440),
(12428, 12440),
(12431, 12440),
(12434, 12440),
(12491, 12440),
(12417, 12441),
(12424, 12441),
(12481, 12442),
(12399, 12444),
(12422, 12445),
(12425, 12445),
(12400, 12448),
(12402, 12448),
(12451, 12448),
(12400, 12451),
(12402, 12451),
(12448, 12451),
(12471, 12451),
(12451, 12471),
(12402, 12481),
(12415, 12481),
(12442, 12481),
(12440, 12491),
(12416, 12501),
(12399, 12511),
(12400, 12511),
(12401, 12511),
(12402, 12511),
(12399, 12512),
(12400, 12512),
(12401, 12512),
(12402, 12512),
(12399, 12513),
(12400, 12513),
(12401, 12513),
(12402, 12513);

-- --------------------------------------------------------

--
-- Table structure for table `groups`
--

CREATE TABLE `groups` (
  `GroupID` int(40) NOT NULL,
  `GroupName` varchar(50) NOT NULL,
  `CreatorID` int(20) NOT NULL COMMENT 'Needs to be changed before a user gets deleted!!',
  `PhotoID` varchar(200) NOT NULL,
  `ShortDescrip` varchar(150) NOT NULL,
  `CreatedTime` timestamp NOT NULL DEFAULT CURRENT_TIMESTAMP ON UPDATE CURRENT_TIMESTAMP
) ENGINE=InnoDB DEFAULT CHARSET=utf8;

--
-- Dumping data for table `groups`
--

INSERT INTO `groups` (`GroupID`, `GroupName`, `CreatorID`, `PhotoID`, `ShortDescrip`, `CreatedTime`) VALUES
(21, 'Pano Development Team', 12399, '4220bb46513282f1f8c5d1c55d923ec2b0ec98e6d0268f24ef165a6bcfccee41', 'The Private Circle for the developers of Pano.', '2017-03-15 15:00:12'),
(31, 'Deployment Party!', 12400, '86031af86ef22afd7e9040200dd9a2407be715ab51ef8cfe1ed3ee426b4fb45b', 'Let\'s discuss about the celebrations we need to do once we are fully live on this!', '2017-03-15 15:27:52'),
(41, 'test', 12400, '28ff355e2721a8abf857bb94e99b37d2cddbe679190c5b14c7dc398c3c02ad02', 'why does uploiading work herE?', '2017-03-16 02:57:07'),
(51, 'Man Utd Fan Club, Seven Sisters', 12399, 'aa2dbaa3fcce9acef09566d70a7aeaeee157928eff7e34731c81a2ad16f0e72e', 'Where the Man United fans of Seven Sisters meet to discuss the game and the greatest club!', '2017-03-16 16:16:53'),
(53, 'Family Group', 12399, 'b8bae923a648b681cc229eb983860c350b8736157dcc9a7ac6a91bacb03d76d3', 'A good place to share family travel panos!', '2017-03-16 16:29:51');

-- --------------------------------------------------------

--
-- Table structure for table `likes`
--

CREATE TABLE `likes` (
  `PostID` varchar(200) NOT NULL,
  `UserID` int(20) NOT NULL
) ENGINE=InnoDB DEFAULT CHARSET=utf8;

--
-- Dumping data for table `likes`
--

INSERT INTO `likes` (`PostID`, `UserID`) VALUES
('00b44b388975d2cc8d8bc61ae1aac819920e5cfe8382b68f63fc1a753bfe7cc8', 12399),
('0c56a3dc17fa04de9529b43dfbf7d6a60a6f261fc647c86aeba2a375604b5ad2', 12399),
('1db4cbdb2a97ebb1bc5958601044f336672cc6860dbd07c6c3eb7a9647d070af', 12399),
('29420d4edd9d51b2bc0e297789e4c9e9db818c1253e9affa2680955ce3f263ae', 12399),
('2f8d69f2862a734ceb1421adac5925c22b2200a13efde4df4cc121c71f4a99b2', 12399),
('332bcef3d6acfe8cfddbdfa18d1ed56e44280efbf2e3963e414e9beefdeb6041', 12399),
('410e82e1c0c8717804419aded78772653a96cd954d75f10fb91609096ad767fb', 12399),
('419f3aeffb143473b6da37674edee53b0d96e30c642f5a28fcac973c3696dd32', 12399),
('46406323d7d0bdfb699ea11af8512f858f6cce46900d45a0f5bceca6c0fa17c3', 12399),
('525f28a7c7bd944d81dbf2ee05888c16df76aabd63443ced4eb85baf6e7afa07', 12399),
('5ff17c0f982fb69aac825b9046edc49d51477bccb9b3663315f0c23d6b365fec', 12399),
('63717c224d273812f5f23e963b2b257ac7bf734ee9294d9ed698c1b4d514e877', 12399),
('6866b5713bcc0f2c738abb0e73391fb12c8c80fb9e5a7c0737a617daffd561b9', 12399),
('72ee51c846f4bf321848f7a7a29ee63ea46fa65a3e8edee284c1a4f432515f87', 12399),
('7a6cf72049d0757f02681e2961a2c86308902ca925cde8d8777a2d842960489c', 12399),
('9141c08f01c6440e828a07ede59aeb44c7a57a8d59d4d94e3d411657a2d44b5a', 12399),
('a6543b27b744b879e4e2785b6a286130701ff3df82c2d6653dae02bb850d8c4b', 12399),
('c3251e7a5a4d376c78acf3a2319eb1d88cbcb6d8aac166d0d77826282abc965a', 12399),
('d5185f84b6d2b5d45233609b2a67feeeba4eb6f69c0de2f3bb1df7397aa62032', 12399),
('e3b29669e98c6e3c67b5bee6b1a596add0e813e630acbcb59c266c428c8b9bfe', 12399),
('e5ed03ababb5f0a058e5a72985379709f69efcac1d55b6303e52816da141151c', 12399),
('00b44b388975d2cc8d8bc61ae1aac819920e5cfe8382b68f63fc1a753bfe7cc8', 12400),
('0c56a3dc17fa04de9529b43dfbf7d6a60a6f261fc647c86aeba2a375604b5ad2', 12400),
('1db4cbdb2a97ebb1bc5958601044f336672cc6860dbd07c6c3eb7a9647d070af', 12400),
('203b535d95351031ccb715810a66f01900658c98238b45d26545cc6017245d72', 12400),
('21521ec2f92a9be2954cfc4877aff1a29ddaef90b1b361f894825c759e425262', 12400),
('220ee91147910b8f3df986f37dbf71579d041a154976a056361f6d8554a1ca00', 12400),
('27d8c60262e7248584cc0c24898d966160c11ef944b6946377f34eda304c5b2f', 12400),
('2f8d69f2862a734ceb1421adac5925c22b2200a13efde4df4cc121c71f4a99b2', 12400),
('35140ddb8a665b7161850a7a1208ac86e8f3a8af964aae7e08326f3cb13de34f', 12400),
('410e82e1c0c8717804419aded78772653a96cd954d75f10fb91609096ad767fb', 12400),
('4fdd87030a34f848817205e45499d3445b2b3c33814f13fff261d684732bca03', 12400),
('637ca7e8f9d7695eb1e498711ac1e584a6446fa948c7ad7c9963bab17796de9a', 12400),
('72ee51c846f4bf321848f7a7a29ee63ea46fa65a3e8edee284c1a4f432515f87', 12400),
('9141c08f01c6440e828a07ede59aeb44c7a57a8d59d4d94e3d411657a2d44b5a', 12400),
('a1c9feb073d39ef4dd3205fb5cdfe0950bee97bd9fb15319d70539f6a3e24dc1', 12400),
('c3251e7a5a4d376c78acf3a2319eb1d88cbcb6d8aac166d0d77826282abc965a', 12400),
('d5185f84b6d2b5d45233609b2a67feeeba4eb6f69c0de2f3bb1df7397aa62032', 12400),
('e3b29669e98c6e3c67b5bee6b1a596add0e813e630acbcb59c266c428c8b9bfe', 12400),
('e901072985df51ccfe0eb82a792290a85dba636a5cfb9e1e0aaa5c5bdaae4ca2', 12400),
('00b44b388975d2cc8d8bc61ae1aac819920e5cfe8382b68f63fc1a753bfe7cc8', 12401),
('26c84927e6e1ea4aea3df379a7cdbd6483e8ad1af53c61de30878780f2ad178c', 12401),
('2f8d69f2862a734ceb1421adac5925c22b2200a13efde4df4cc121c71f4a99b2', 12401),
('332bcef3d6acfe8cfddbdfa18d1ed56e44280efbf2e3963e414e9beefdeb6041', 12401),
('5439f89e650d3e0c1e2401ae9dae33db882ae46c847ea3cdcd0bb63afa77efad', 12401),
('9141c08f01c6440e828a07ede59aeb44c7a57a8d59d4d94e3d411657a2d44b5a', 12401),
('b68a1f3b7304486b1cdde34143b0989d05eaef37d8cfa2a1b0ecae18e030bbc5', 12401),
('f6a1e85f00ac0ce795788290d44d6ecaad3c1167ad7b4903840514320da71c9d', 12401),
('00b44b388975d2cc8d8bc61ae1aac819920e5cfe8382b68f63fc1a753bfe7cc8', 12402),
('0d278ffdbe530bd974b044370b8daf5b47bf8ca38056ca0c4bd31518edbe3deb', 12402),
('220ee91147910b8f3df986f37dbf71579d041a154976a056361f6d8554a1ca00', 12402),
('332bcef3d6acfe8cfddbdfa18d1ed56e44280efbf2e3963e414e9beefdeb6041', 12402),
('525f28a7c7bd944d81dbf2ee05888c16df76aabd63443ced4eb85baf6e7afa07', 12402),
('5ff17c0f982fb69aac825b9046edc49d51477bccb9b3663315f0c23d6b365fec', 12402),
('72ee51c846f4bf321848f7a7a29ee63ea46fa65a3e8edee284c1a4f432515f87', 12402),
('0c56a3dc17fa04de9529b43dfbf7d6a60a6f261fc647c86aeba2a375604b5ad2', 12403),
('1db4cbdb2a97ebb1bc5958601044f336672cc6860dbd07c6c3eb7a9647d070af', 12403),
('2f8d69f2862a734ceb1421adac5925c22b2200a13efde4df4cc121c71f4a99b2', 12403),
('525f28a7c7bd944d81dbf2ee05888c16df76aabd63443ced4eb85baf6e7afa07', 12403),
('63717c224d273812f5f23e963b2b257ac7bf734ee9294d9ed698c1b4d514e877', 12403),
('66e482b6331c737b80f800d76538d212c18ddfb6eea053a9b7e63794183c2ada', 12403),
('72ee51c846f4bf321848f7a7a29ee63ea46fa65a3e8edee284c1a4f432515f87', 12403),
('0d278ffdbe530bd974b044370b8daf5b47bf8ca38056ca0c4bd31518edbe3deb', 12404),
('1db4cbdb2a97ebb1bc5958601044f336672cc6860dbd07c6c3eb7a9647d070af', 12404),
('220ee91147910b8f3df986f37dbf71579d041a154976a056361f6d8554a1ca00', 12404),
('46406323d7d0bdfb699ea11af8512f858f6cce46900d45a0f5bceca6c0fa17c3', 12404),
('4fdd87030a34f848817205e45499d3445b2b3c33814f13fff261d684732bca03', 12404),
('525f28a7c7bd944d81dbf2ee05888c16df76aabd63443ced4eb85baf6e7afa07', 12404),
('7dffac2ae21f856b9c0e1b9a79855882aae022991f693ff97a4fcd2fedf58ac0', 12404),
('922714de348cbf9f42a620264d69412d28911f6561e910bcb699c9f22f227871', 12404),
('b68a1f3b7304486b1cdde34143b0989d05eaef37d8cfa2a1b0ecae18e030bbc5', 12404),
('e5ed03ababb5f0a058e5a72985379709f69efcac1d55b6303e52816da141151c', 12404),
('220ee91147910b8f3df986f37dbf71579d041a154976a056361f6d8554a1ca00', 12405),
('26c84927e6e1ea4aea3df379a7cdbd6483e8ad1af53c61de30878780f2ad178c', 12405),
('46406323d7d0bdfb699ea11af8512f858f6cce46900d45a0f5bceca6c0fa17c3', 12405),
('4fdd87030a34f848817205e45499d3445b2b3c33814f13fff261d684732bca03', 12405),
('72ee51c846f4bf321848f7a7a29ee63ea46fa65a3e8edee284c1a4f432515f87', 12405),
('a1c9feb073d39ef4dd3205fb5cdfe0950bee97bd9fb15319d70539f6a3e24dc1', 12405),
('e3b29669e98c6e3c67b5bee6b1a596add0e813e630acbcb59c266c428c8b9bfe', 12405),
('f6a1e85f00ac0ce795788290d44d6ecaad3c1167ad7b4903840514320da71c9d', 12405),
('1db4cbdb2a97ebb1bc5958601044f336672cc6860dbd07c6c3eb7a9647d070af', 12406),
('410e82e1c0c8717804419aded78772653a96cd954d75f10fb91609096ad767fb', 12406),
('5c958b34ca7b4a40e99a0408f433ffe46163fd35ea07143ba8ba5eda8a82b10c', 12406),
('63717c224d273812f5f23e963b2b257ac7bf734ee9294d9ed698c1b4d514e877', 12406),
('637ca7e8f9d7695eb1e498711ac1e584a6446fa948c7ad7c9963bab17796de9a', 12406),
('a1c9feb073d39ef4dd3205fb5cdfe0950bee97bd9fb15319d70539f6a3e24dc1', 12406),
('b24dce732a6a60efb3c9fd1897b2d01bade838cf3f3428148476456233393733', 12406),
('e5ed03ababb5f0a058e5a72985379709f69efcac1d55b6303e52816da141151c', 12406),
('332bcef3d6acfe8cfddbdfa18d1ed56e44280efbf2e3963e414e9beefdeb6041', 12407),
('35140ddb8a665b7161850a7a1208ac86e8f3a8af964aae7e08326f3cb13de34f', 12407),
('410e82e1c0c8717804419aded78772653a96cd954d75f10fb91609096ad767fb', 12407),
('419f3aeffb143473b6da37674edee53b0d96e30c642f5a28fcac973c3696dd32', 12407),
('5ff17c0f982fb69aac825b9046edc49d51477bccb9b3663315f0c23d6b365fec', 12407),
('63717c224d273812f5f23e963b2b257ac7bf734ee9294d9ed698c1b4d514e877', 12407),
('72ee51c846f4bf321848f7a7a29ee63ea46fa65a3e8edee284c1a4f432515f87', 12407),
('922714de348cbf9f42a620264d69412d28911f6561e910bcb699c9f22f227871', 12407),
('a1c9feb073d39ef4dd3205fb5cdfe0950bee97bd9fb15319d70539f6a3e24dc1', 12407),
('a6543b27b744b879e4e2785b6a286130701ff3df82c2d6653dae02bb850d8c4b', 12407),
('b68a1f3b7304486b1cdde34143b0989d05eaef37d8cfa2a1b0ecae18e030bbc5', 12407),
('1db4cbdb2a97ebb1bc5958601044f336672cc6860dbd07c6c3eb7a9647d070af', 12408),
('29420d4edd9d51b2bc0e297789e4c9e9db818c1253e9affa2680955ce3f263ae', 12408),
('5439f89e650d3e0c1e2401ae9dae33db882ae46c847ea3cdcd0bb63afa77efad', 12408),
('5ff17c0f982fb69aac825b9046edc49d51477bccb9b3663315f0c23d6b365fec', 12408),
('922714de348cbf9f42a620264d69412d28911f6561e910bcb699c9f22f227871', 12408),
('c3251e7a5a4d376c78acf3a2319eb1d88cbcb6d8aac166d0d77826282abc965a', 12408),
('e3b29669e98c6e3c67b5bee6b1a596add0e813e630acbcb59c266c428c8b9bfe', 12408),
('0d278ffdbe530bd974b044370b8daf5b47bf8ca38056ca0c4bd31518edbe3deb', 12409),
('203b535d95351031ccb715810a66f01900658c98238b45d26545cc6017245d72', 12409),
('35140ddb8a665b7161850a7a1208ac86e8f3a8af964aae7e08326f3cb13de34f', 12409),
('410e82e1c0c8717804419aded78772653a96cd954d75f10fb91609096ad767fb', 12409),
('922714de348cbf9f42a620264d69412d28911f6561e910bcb699c9f22f227871', 12409),
('f6a1e85f00ac0ce795788290d44d6ecaad3c1167ad7b4903840514320da71c9d', 12409),
('1db4cbdb2a97ebb1bc5958601044f336672cc6860dbd07c6c3eb7a9647d070af', 12410),
('26c84927e6e1ea4aea3df379a7cdbd6483e8ad1af53c61de30878780f2ad178c', 12410),
('525f28a7c7bd944d81dbf2ee05888c16df76aabd63443ced4eb85baf6e7afa07', 12410),
('637ca7e8f9d7695eb1e498711ac1e584a6446fa948c7ad7c9963bab17796de9a', 12410),
('66e482b6331c737b80f800d76538d212c18ddfb6eea053a9b7e63794183c2ada', 12410),
('9141c08f01c6440e828a07ede59aeb44c7a57a8d59d4d94e3d411657a2d44b5a', 12410),
('a1c9feb073d39ef4dd3205fb5cdfe0950bee97bd9fb15319d70539f6a3e24dc1', 12410),
('0c56a3dc17fa04de9529b43dfbf7d6a60a6f261fc647c86aeba2a375604b5ad2', 12411),
('1db4cbdb2a97ebb1bc5958601044f336672cc6860dbd07c6c3eb7a9647d070af', 12411),
('410e82e1c0c8717804419aded78772653a96cd954d75f10fb91609096ad767fb', 12411),
('5439f89e650d3e0c1e2401ae9dae33db882ae46c847ea3cdcd0bb63afa77efad', 12411),
('5c958b34ca7b4a40e99a0408f433ffe46163fd35ea07143ba8ba5eda8a82b10c', 12411),
('5ff17c0f982fb69aac825b9046edc49d51477bccb9b3663315f0c23d6b365fec', 12411),
('7dffac2ae21f856b9c0e1b9a79855882aae022991f693ff97a4fcd2fedf58ac0', 12411),
('7eb6d83a52cfe675a73790fab912a95cf89d584336ec263da07fe58489e948e5', 12411),
('9141c08f01c6440e828a07ede59aeb44c7a57a8d59d4d94e3d411657a2d44b5a', 12411),
('922714de348cbf9f42a620264d69412d28911f6561e910bcb699c9f22f227871', 12411),
('b24dce732a6a60efb3c9fd1897b2d01bade838cf3f3428148476456233393733', 12411),
('d5185f84b6d2b5d45233609b2a67feeeba4eb6f69c0de2f3bb1df7397aa62032', 12411),
('1db4cbdb2a97ebb1bc5958601044f336672cc6860dbd07c6c3eb7a9647d070af', 12412),
('410e82e1c0c8717804419aded78772653a96cd954d75f10fb91609096ad767fb', 12412),
('5c958b34ca7b4a40e99a0408f433ffe46163fd35ea07143ba8ba5eda8a82b10c', 12412),
('410e82e1c0c8717804419aded78772653a96cd954d75f10fb91609096ad767fb', 12413),
('525f28a7c7bd944d81dbf2ee05888c16df76aabd63443ced4eb85baf6e7afa07', 12413),
('66e482b6331c737b80f800d76538d212c18ddfb6eea053a9b7e63794183c2ada', 12413),
('9141c08f01c6440e828a07ede59aeb44c7a57a8d59d4d94e3d411657a2d44b5a', 12413),
('1db4cbdb2a97ebb1bc5958601044f336672cc6860dbd07c6c3eb7a9647d070af', 12414),
('220ee91147910b8f3df986f37dbf71579d041a154976a056361f6d8554a1ca00', 12414),
('4fdd87030a34f848817205e45499d3445b2b3c33814f13fff261d684732bca03', 12414),
('525f28a7c7bd944d81dbf2ee05888c16df76aabd63443ced4eb85baf6e7afa07', 12414),
('637ca7e8f9d7695eb1e498711ac1e584a6446fa948c7ad7c9963bab17796de9a', 12414),
('d5185f84b6d2b5d45233609b2a67feeeba4eb6f69c0de2f3bb1df7397aa62032', 12414),
('1db4cbdb2a97ebb1bc5958601044f336672cc6860dbd07c6c3eb7a9647d070af', 12415),
('332bcef3d6acfe8cfddbdfa18d1ed56e44280efbf2e3963e414e9beefdeb6041', 12415),
('5ff17c0f982fb69aac825b9046edc49d51477bccb9b3663315f0c23d6b365fec', 12415),
('72ee51c846f4bf321848f7a7a29ee63ea46fa65a3e8edee284c1a4f432515f87', 12415),
('7dffac2ae21f856b9c0e1b9a79855882aae022991f693ff97a4fcd2fedf58ac0', 12415),
('a1c9feb073d39ef4dd3205fb5cdfe0950bee97bd9fb15319d70539f6a3e24dc1', 12415),
('637ca7e8f9d7695eb1e498711ac1e584a6446fa948c7ad7c9963bab17796de9a', 12416),
('b68a1f3b7304486b1cdde34143b0989d05eaef37d8cfa2a1b0ecae18e030bbc5', 12416),
('00b44b388975d2cc8d8bc61ae1aac819920e5cfe8382b68f63fc1a753bfe7cc8', 12417),
('2f8d69f2862a734ceb1421adac5925c22b2200a13efde4df4cc121c71f4a99b2', 12417),
('419f3aeffb143473b6da37674edee53b0d96e30c642f5a28fcac973c3696dd32', 12417),
('72ee51c846f4bf321848f7a7a29ee63ea46fa65a3e8edee284c1a4f432515f87', 12417),
('a1c9feb073d39ef4dd3205fb5cdfe0950bee97bd9fb15319d70539f6a3e24dc1', 12417),
('e901072985df51ccfe0eb82a792290a85dba636a5cfb9e1e0aaa5c5bdaae4ca2', 12417),
('26c84927e6e1ea4aea3df379a7cdbd6483e8ad1af53c61de30878780f2ad178c', 12418),
('35140ddb8a665b7161850a7a1208ac86e8f3a8af964aae7e08326f3cb13de34f', 12418),
('410e82e1c0c8717804419aded78772653a96cd954d75f10fb91609096ad767fb', 12418),
('419f3aeffb143473b6da37674edee53b0d96e30c642f5a28fcac973c3696dd32', 12418),
('63717c224d273812f5f23e963b2b257ac7bf734ee9294d9ed698c1b4d514e877', 12418),
('922714de348cbf9f42a620264d69412d28911f6561e910bcb699c9f22f227871', 12418),
('203b535d95351031ccb715810a66f01900658c98238b45d26545cc6017245d72', 12419),
('72ee51c846f4bf321848f7a7a29ee63ea46fa65a3e8edee284c1a4f432515f87', 12419),
('b68a1f3b7304486b1cdde34143b0989d05eaef37d8cfa2a1b0ecae18e030bbc5', 12419),
('c3251e7a5a4d376c78acf3a2319eb1d88cbcb6d8aac166d0d77826282abc965a', 12419),
('d5185f84b6d2b5d45233609b2a67feeeba4eb6f69c0de2f3bb1df7397aa62032', 12419),
('35140ddb8a665b7161850a7a1208ac86e8f3a8af964aae7e08326f3cb13de34f', 12420),
('46406323d7d0bdfb699ea11af8512f858f6cce46900d45a0f5bceca6c0fa17c3', 12420),
('4fdd87030a34f848817205e45499d3445b2b3c33814f13fff261d684732bca03', 12420),
('5439f89e650d3e0c1e2401ae9dae33db882ae46c847ea3cdcd0bb63afa77efad', 12420),
('5c958b34ca7b4a40e99a0408f433ffe46163fd35ea07143ba8ba5eda8a82b10c', 12420),
('f6a1e85f00ac0ce795788290d44d6ecaad3c1167ad7b4903840514320da71c9d', 12420),
('1db4cbdb2a97ebb1bc5958601044f336672cc6860dbd07c6c3eb7a9647d070af', 12421),
('21521ec2f92a9be2954cfc4877aff1a29ddaef90b1b361f894825c759e425262', 12421),
('332bcef3d6acfe8cfddbdfa18d1ed56e44280efbf2e3963e414e9beefdeb6041', 12421),
('4fdd87030a34f848817205e45499d3445b2b3c33814f13fff261d684732bca03', 12421),
('66e482b6331c737b80f800d76538d212c18ddfb6eea053a9b7e63794183c2ada', 12421),
('b68a1f3b7304486b1cdde34143b0989d05eaef37d8cfa2a1b0ecae18e030bbc5', 12421),
('e901072985df51ccfe0eb82a792290a85dba636a5cfb9e1e0aaa5c5bdaae4ca2', 12421),
('21521ec2f92a9be2954cfc4877aff1a29ddaef90b1b361f894825c759e425262', 12422),
('220ee91147910b8f3df986f37dbf71579d041a154976a056361f6d8554a1ca00', 12422),
('332bcef3d6acfe8cfddbdfa18d1ed56e44280efbf2e3963e414e9beefdeb6041', 12422),
('35140ddb8a665b7161850a7a1208ac86e8f3a8af964aae7e08326f3cb13de34f', 12422),
('5439f89e650d3e0c1e2401ae9dae33db882ae46c847ea3cdcd0bb63afa77efad', 12422),
('637ca7e8f9d7695eb1e498711ac1e584a6446fa948c7ad7c9963bab17796de9a', 12422),
('a1c9feb073d39ef4dd3205fb5cdfe0950bee97bd9fb15319d70539f6a3e24dc1', 12422),
('1db4cbdb2a97ebb1bc5958601044f336672cc6860dbd07c6c3eb7a9647d070af', 12423),
('21521ec2f92a9be2954cfc4877aff1a29ddaef90b1b361f894825c759e425262', 12423),
('27d8c60262e7248584cc0c24898d966160c11ef944b6946377f34eda304c5b2f', 12423),
('332bcef3d6acfe8cfddbdfa18d1ed56e44280efbf2e3963e414e9beefdeb6041', 12423),
('35140ddb8a665b7161850a7a1208ac86e8f3a8af964aae7e08326f3cb13de34f', 12423),
('63717c224d273812f5f23e963b2b257ac7bf734ee9294d9ed698c1b4d514e877', 12423),
('72ee51c846f4bf321848f7a7a29ee63ea46fa65a3e8edee284c1a4f432515f87', 12423),
('922714de348cbf9f42a620264d69412d28911f6561e910bcb699c9f22f227871', 12423),
('a1c9feb073d39ef4dd3205fb5cdfe0950bee97bd9fb15319d70539f6a3e24dc1', 12423),
('e3b29669e98c6e3c67b5bee6b1a596add0e813e630acbcb59c266c428c8b9bfe', 12423),
('e5ed03ababb5f0a058e5a72985379709f69efcac1d55b6303e52816da141151c', 12423),
('0c56a3dc17fa04de9529b43dfbf7d6a60a6f261fc647c86aeba2a375604b5ad2', 12424),
('29420d4edd9d51b2bc0e297789e4c9e9db818c1253e9affa2680955ce3f263ae', 12424),
('46406323d7d0bdfb699ea11af8512f858f6cce46900d45a0f5bceca6c0fa17c3', 12424),
('63717c224d273812f5f23e963b2b257ac7bf734ee9294d9ed698c1b4d514e877', 12424),
('637ca7e8f9d7695eb1e498711ac1e584a6446fa948c7ad7c9963bab17796de9a', 12424),
('c3251e7a5a4d376c78acf3a2319eb1d88cbcb6d8aac166d0d77826282abc965a', 12424),
('0c56a3dc17fa04de9529b43dfbf7d6a60a6f261fc647c86aeba2a375604b5ad2', 12425),
('203b535d95351031ccb715810a66f01900658c98238b45d26545cc6017245d72', 12425),
('220ee91147910b8f3df986f37dbf71579d041a154976a056361f6d8554a1ca00', 12425),
('26c84927e6e1ea4aea3df379a7cdbd6483e8ad1af53c61de30878780f2ad178c', 12425),
('419f3aeffb143473b6da37674edee53b0d96e30c642f5a28fcac973c3696dd32', 12425),
('63717c224d273812f5f23e963b2b257ac7bf734ee9294d9ed698c1b4d514e877', 12425),
('72ee51c846f4bf321848f7a7a29ee63ea46fa65a3e8edee284c1a4f432515f87', 12425),
('7eb6d83a52cfe675a73790fab912a95cf89d584336ec263da07fe58489e948e5', 12425),
('a1c9feb073d39ef4dd3205fb5cdfe0950bee97bd9fb15319d70539f6a3e24dc1', 12425),
('c3251e7a5a4d376c78acf3a2319eb1d88cbcb6d8aac166d0d77826282abc965a', 12425),
('e5ed03ababb5f0a058e5a72985379709f69efcac1d55b6303e52816da141151c', 12425),
('f6a1e85f00ac0ce795788290d44d6ecaad3c1167ad7b4903840514320da71c9d', 12425),
('35140ddb8a665b7161850a7a1208ac86e8f3a8af964aae7e08326f3cb13de34f', 12426),
('4fdd87030a34f848817205e45499d3445b2b3c33814f13fff261d684732bca03', 12426),
('7eb6d83a52cfe675a73790fab912a95cf89d584336ec263da07fe58489e948e5', 12426),
('f6a1e85f00ac0ce795788290d44d6ecaad3c1167ad7b4903840514320da71c9d', 12426),
('419f3aeffb143473b6da37674edee53b0d96e30c642f5a28fcac973c3696dd32', 12427),
('5c958b34ca7b4a40e99a0408f433ffe46163fd35ea07143ba8ba5eda8a82b10c', 12427),
('72ee51c846f4bf321848f7a7a29ee63ea46fa65a3e8edee284c1a4f432515f87', 12427),
('7eb6d83a52cfe675a73790fab912a95cf89d584336ec263da07fe58489e948e5', 12427),
('922714de348cbf9f42a620264d69412d28911f6561e910bcb699c9f22f227871', 12427),
('b24dce732a6a60efb3c9fd1897b2d01bade838cf3f3428148476456233393733', 12427),
('f6a1e85f00ac0ce795788290d44d6ecaad3c1167ad7b4903840514320da71c9d', 12427),
('0c56a3dc17fa04de9529b43dfbf7d6a60a6f261fc647c86aeba2a375604b5ad2', 12428),
('332bcef3d6acfe8cfddbdfa18d1ed56e44280efbf2e3963e414e9beefdeb6041', 12428),
('4fdd87030a34f848817205e45499d3445b2b3c33814f13fff261d684732bca03', 12428),
('a6543b27b744b879e4e2785b6a286130701ff3df82c2d6653dae02bb850d8c4b', 12428),
('e901072985df51ccfe0eb82a792290a85dba636a5cfb9e1e0aaa5c5bdaae4ca2', 12428),
('0d278ffdbe530bd974b044370b8daf5b47bf8ca38056ca0c4bd31518edbe3deb', 12429),
('29420d4edd9d51b2bc0e297789e4c9e9db818c1253e9affa2680955ce3f263ae', 12429),
('419f3aeffb143473b6da37674edee53b0d96e30c642f5a28fcac973c3696dd32', 12429),
('5439f89e650d3e0c1e2401ae9dae33db882ae46c847ea3cdcd0bb63afa77efad', 12429),
('5ff17c0f982fb69aac825b9046edc49d51477bccb9b3663315f0c23d6b365fec', 12429),
('9141c08f01c6440e828a07ede59aeb44c7a57a8d59d4d94e3d411657a2d44b5a', 12429),
('c3251e7a5a4d376c78acf3a2319eb1d88cbcb6d8aac166d0d77826282abc965a', 12429),
('d5185f84b6d2b5d45233609b2a67feeeba4eb6f69c0de2f3bb1df7397aa62032', 12429),
('1db4cbdb2a97ebb1bc5958601044f336672cc6860dbd07c6c3eb7a9647d070af', 12430),
('26c84927e6e1ea4aea3df379a7cdbd6483e8ad1af53c61de30878780f2ad178c', 12430),
('525f28a7c7bd944d81dbf2ee05888c16df76aabd63443ced4eb85baf6e7afa07', 12430),
('5c958b34ca7b4a40e99a0408f433ffe46163fd35ea07143ba8ba5eda8a82b10c', 12430),
('637ca7e8f9d7695eb1e498711ac1e584a6446fa948c7ad7c9963bab17796de9a', 12430),
('a6543b27b744b879e4e2785b6a286130701ff3df82c2d6653dae02bb850d8c4b', 12430),
('e5ed03ababb5f0a058e5a72985379709f69efcac1d55b6303e52816da141151c', 12430),
('0c56a3dc17fa04de9529b43dfbf7d6a60a6f261fc647c86aeba2a375604b5ad2', 12431),
('29420d4edd9d51b2bc0e297789e4c9e9db818c1253e9affa2680955ce3f263ae', 12431),
('332bcef3d6acfe8cfddbdfa18d1ed56e44280efbf2e3963e414e9beefdeb6041', 12431),
('35140ddb8a665b7161850a7a1208ac86e8f3a8af964aae7e08326f3cb13de34f', 12431),
('410e82e1c0c8717804419aded78772653a96cd954d75f10fb91609096ad767fb', 12431),
('525f28a7c7bd944d81dbf2ee05888c16df76aabd63443ced4eb85baf6e7afa07', 12431),
('5439f89e650d3e0c1e2401ae9dae33db882ae46c847ea3cdcd0bb63afa77efad', 12431),
('5ff17c0f982fb69aac825b9046edc49d51477bccb9b3663315f0c23d6b365fec', 12431),
('c3251e7a5a4d376c78acf3a2319eb1d88cbcb6d8aac166d0d77826282abc965a', 12431),
('d5185f84b6d2b5d45233609b2a67feeeba4eb6f69c0de2f3bb1df7397aa62032', 12431),
('e3b29669e98c6e3c67b5bee6b1a596add0e813e630acbcb59c266c428c8b9bfe', 12431),
('f6a1e85f00ac0ce795788290d44d6ecaad3c1167ad7b4903840514320da71c9d', 12431),
('1db4cbdb2a97ebb1bc5958601044f336672cc6860dbd07c6c3eb7a9647d070af', 12432),
('7dffac2ae21f856b9c0e1b9a79855882aae022991f693ff97a4fcd2fedf58ac0', 12432),
('b68a1f3b7304486b1cdde34143b0989d05eaef37d8cfa2a1b0ecae18e030bbc5', 12432),
('27d8c60262e7248584cc0c24898d966160c11ef944b6946377f34eda304c5b2f', 12433),
('2f8d69f2862a734ceb1421adac5925c22b2200a13efde4df4cc121c71f4a99b2', 12433),
('525f28a7c7bd944d81dbf2ee05888c16df76aabd63443ced4eb85baf6e7afa07', 12433),
('a6543b27b744b879e4e2785b6a286130701ff3df82c2d6653dae02bb850d8c4b', 12433),
('b24dce732a6a60efb3c9fd1897b2d01bade838cf3f3428148476456233393733', 12433),
('d5185f84b6d2b5d45233609b2a67feeeba4eb6f69c0de2f3bb1df7397aa62032', 12433),
('f6a1e85f00ac0ce795788290d44d6ecaad3c1167ad7b4903840514320da71c9d', 12433),
('410e82e1c0c8717804419aded78772653a96cd954d75f10fb91609096ad767fb', 12434),
('419f3aeffb143473b6da37674edee53b0d96e30c642f5a28fcac973c3696dd32', 12434),
('46406323d7d0bdfb699ea11af8512f858f6cce46900d45a0f5bceca6c0fa17c3', 12434),
('9141c08f01c6440e828a07ede59aeb44c7a57a8d59d4d94e3d411657a2d44b5a', 12434),
('a1c9feb073d39ef4dd3205fb5cdfe0950bee97bd9fb15319d70539f6a3e24dc1', 12434),
('c3251e7a5a4d376c78acf3a2319eb1d88cbcb6d8aac166d0d77826282abc965a', 12434),
('00b44b388975d2cc8d8bc61ae1aac819920e5cfe8382b68f63fc1a753bfe7cc8', 12435),
('46406323d7d0bdfb699ea11af8512f858f6cce46900d45a0f5bceca6c0fa17c3', 12435),
('4fdd87030a34f848817205e45499d3445b2b3c33814f13fff261d684732bca03', 12435),
('525f28a7c7bd944d81dbf2ee05888c16df76aabd63443ced4eb85baf6e7afa07', 12435),
('63717c224d273812f5f23e963b2b257ac7bf734ee9294d9ed698c1b4d514e877', 12435),
('f6a1e85f00ac0ce795788290d44d6ecaad3c1167ad7b4903840514320da71c9d', 12435),
('0c56a3dc17fa04de9529b43dfbf7d6a60a6f261fc647c86aeba2a375604b5ad2', 12436),
('0d278ffdbe530bd974b044370b8daf5b47bf8ca38056ca0c4bd31518edbe3deb', 12436),
('29420d4edd9d51b2bc0e297789e4c9e9db818c1253e9affa2680955ce3f263ae', 12436),
('332bcef3d6acfe8cfddbdfa18d1ed56e44280efbf2e3963e414e9beefdeb6041', 12436),
('35140ddb8a665b7161850a7a1208ac86e8f3a8af964aae7e08326f3cb13de34f', 12436),
('46406323d7d0bdfb699ea11af8512f858f6cce46900d45a0f5bceca6c0fa17c3', 12436),
('e3b29669e98c6e3c67b5bee6b1a596add0e813e630acbcb59c266c428c8b9bfe', 12436),
('1db4cbdb2a97ebb1bc5958601044f336672cc6860dbd07c6c3eb7a9647d070af', 12437),
('220ee91147910b8f3df986f37dbf71579d041a154976a056361f6d8554a1ca00', 12437),
('27d8c60262e7248584cc0c24898d966160c11ef944b6946377f34eda304c5b2f', 12437),
('419f3aeffb143473b6da37674edee53b0d96e30c642f5a28fcac973c3696dd32', 12437),
('5439f89e650d3e0c1e2401ae9dae33db882ae46c847ea3cdcd0bb63afa77efad', 12437),
('a1c9feb073d39ef4dd3205fb5cdfe0950bee97bd9fb15319d70539f6a3e24dc1', 12437),
('a6543b27b744b879e4e2785b6a286130701ff3df82c2d6653dae02bb850d8c4b', 12437),
('d5185f84b6d2b5d45233609b2a67feeeba4eb6f69c0de2f3bb1df7397aa62032', 12437),
('e901072985df51ccfe0eb82a792290a85dba636a5cfb9e1e0aaa5c5bdaae4ca2', 12437),
('2f8d69f2862a734ceb1421adac5925c22b2200a13efde4df4cc121c71f4a99b2', 12438),
('46406323d7d0bdfb699ea11af8512f858f6cce46900d45a0f5bceca6c0fa17c3', 12438),
('5c958b34ca7b4a40e99a0408f433ffe46163fd35ea07143ba8ba5eda8a82b10c', 12438),
('9141c08f01c6440e828a07ede59aeb44c7a57a8d59d4d94e3d411657a2d44b5a', 12438),
('922714de348cbf9f42a620264d69412d28911f6561e910bcb699c9f22f227871', 12438),
('d5185f84b6d2b5d45233609b2a67feeeba4eb6f69c0de2f3bb1df7397aa62032', 12438),
('e5ed03ababb5f0a058e5a72985379709f69efcac1d55b6303e52816da141151c', 12438),
('e901072985df51ccfe0eb82a792290a85dba636a5cfb9e1e0aaa5c5bdaae4ca2', 12438),
('f6a1e85f00ac0ce795788290d44d6ecaad3c1167ad7b4903840514320da71c9d', 12438),
('00b44b388975d2cc8d8bc61ae1aac819920e5cfe8382b68f63fc1a753bfe7cc8', 12439),
('0d278ffdbe530bd974b044370b8daf5b47bf8ca38056ca0c4bd31518edbe3deb', 12439),
('a6543b27b744b879e4e2785b6a286130701ff3df82c2d6653dae02bb850d8c4b', 12439),
('f6a1e85f00ac0ce795788290d44d6ecaad3c1167ad7b4903840514320da71c9d', 12439),
('27d8c60262e7248584cc0c24898d966160c11ef944b6946377f34eda304c5b2f', 12440),
('2f8d69f2862a734ceb1421adac5925c22b2200a13efde4df4cc121c71f4a99b2', 12440),
('5439f89e650d3e0c1e2401ae9dae33db882ae46c847ea3cdcd0bb63afa77efad', 12440),
('5ff17c0f982fb69aac825b9046edc49d51477bccb9b3663315f0c23d6b365fec', 12440),
('f6a1e85f00ac0ce795788290d44d6ecaad3c1167ad7b4903840514320da71c9d', 12440),
('332bcef3d6acfe8cfddbdfa18d1ed56e44280efbf2e3963e414e9beefdeb6041', 12441),
('410e82e1c0c8717804419aded78772653a96cd954d75f10fb91609096ad767fb', 12441),
('5c958b34ca7b4a40e99a0408f433ffe46163fd35ea07143ba8ba5eda8a82b10c', 12441),
('922714de348cbf9f42a620264d69412d28911f6561e910bcb699c9f22f227871', 12441),
('f6a1e85f00ac0ce795788290d44d6ecaad3c1167ad7b4903840514320da71c9d', 12441),
('72ee51c846f4bf321848f7a7a29ee63ea46fa65a3e8edee284c1a4f432515f87', 12442),
('7dffac2ae21f856b9c0e1b9a79855882aae022991f693ff97a4fcd2fedf58ac0', 12442),
('b24dce732a6a60efb3c9fd1897b2d01bade838cf3f3428148476456233393733', 12442),
('d5185f84b6d2b5d45233609b2a67feeeba4eb6f69c0de2f3bb1df7397aa62032', 12442),
('e901072985df51ccfe0eb82a792290a85dba636a5cfb9e1e0aaa5c5bdaae4ca2', 12442),
('00b44b388975d2cc8d8bc61ae1aac819920e5cfe8382b68f63fc1a753bfe7cc8', 12443),
('419f3aeffb143473b6da37674edee53b0d96e30c642f5a28fcac973c3696dd32', 12443),
('4fdd87030a34f848817205e45499d3445b2b3c33814f13fff261d684732bca03', 12443),
('5439f89e650d3e0c1e2401ae9dae33db882ae46c847ea3cdcd0bb63afa77efad', 12443),
('7eb6d83a52cfe675a73790fab912a95cf89d584336ec263da07fe58489e948e5', 12443),
('a1c9feb073d39ef4dd3205fb5cdfe0950bee97bd9fb15319d70539f6a3e24dc1', 12443),
('d5185f84b6d2b5d45233609b2a67feeeba4eb6f69c0de2f3bb1df7397aa62032', 12443),
('220ee91147910b8f3df986f37dbf71579d041a154976a056361f6d8554a1ca00', 12444),
('26c84927e6e1ea4aea3df379a7cdbd6483e8ad1af53c61de30878780f2ad178c', 12444),
('2f8d69f2862a734ceb1421adac5925c22b2200a13efde4df4cc121c71f4a99b2', 12444),
('419f3aeffb143473b6da37674edee53b0d96e30c642f5a28fcac973c3696dd32', 12444),
('5ff17c0f982fb69aac825b9046edc49d51477bccb9b3663315f0c23d6b365fec', 12444),
('66e482b6331c737b80f800d76538d212c18ddfb6eea053a9b7e63794183c2ada', 12444),
('4fdd87030a34f848817205e45499d3445b2b3c33814f13fff261d684732bca03', 12445),
('5439f89e650d3e0c1e2401ae9dae33db882ae46c847ea3cdcd0bb63afa77efad', 12445),
('5ff17c0f982fb69aac825b9046edc49d51477bccb9b3663315f0c23d6b365fec', 12445),
('63717c224d273812f5f23e963b2b257ac7bf734ee9294d9ed698c1b4d514e877', 12445),
('220ee91147910b8f3df986f37dbf71579d041a154976a056361f6d8554a1ca00', 12448),
('2f8d69f2862a734ceb1421adac5925c22b2200a13efde4df4cc121c71f4a99b2', 12448),
('4fdd87030a34f848817205e45499d3445b2b3c33814f13fff261d684732bca03', 12448),
('63717c224d273812f5f23e963b2b257ac7bf734ee9294d9ed698c1b4d514e877', 12448),
('7dffac2ae21f856b9c0e1b9a79855882aae022991f693ff97a4fcd2fedf58ac0', 12448),
('a1c9feb073d39ef4dd3205fb5cdfe0950bee97bd9fb15319d70539f6a3e24dc1', 12448),
('d5185f84b6d2b5d45233609b2a67feeeba4eb6f69c0de2f3bb1df7397aa62032', 12448),
('0d278ffdbe530bd974b044370b8daf5b47bf8ca38056ca0c4bd31518edbe3deb', 12450),
('203b535d95351031ccb715810a66f01900658c98238b45d26545cc6017245d72', 12450),
('2f8d69f2862a734ceb1421adac5925c22b2200a13efde4df4cc121c71f4a99b2', 12450),
('419f3aeffb143473b6da37674edee53b0d96e30c642f5a28fcac973c3696dd32', 12450),
('637ca7e8f9d7695eb1e498711ac1e584a6446fa948c7ad7c9963bab17796de9a', 12450),
('a1c9feb073d39ef4dd3205fb5cdfe0950bee97bd9fb15319d70539f6a3e24dc1', 12450),
('f6a1e85f00ac0ce795788290d44d6ecaad3c1167ad7b4903840514320da71c9d', 12450),
('0c56a3dc17fa04de9529b43dfbf7d6a60a6f261fc647c86aeba2a375604b5ad2', 12451),
('21521ec2f92a9be2954cfc4877aff1a29ddaef90b1b361f894825c759e425262', 12451),
('2f8d69f2862a734ceb1421adac5925c22b2200a13efde4df4cc121c71f4a99b2', 12451),
('5c958b34ca7b4a40e99a0408f433ffe46163fd35ea07143ba8ba5eda8a82b10c', 12451),
('63717c224d273812f5f23e963b2b257ac7bf734ee9294d9ed698c1b4d514e877', 12451),
('72ee51c846f4bf321848f7a7a29ee63ea46fa65a3e8edee284c1a4f432515f87', 12451),
('7dffac2ae21f856b9c0e1b9a79855882aae022991f693ff97a4fcd2fedf58ac0', 12451),
('922714de348cbf9f42a620264d69412d28911f6561e910bcb699c9f22f227871', 12451),
('b24dce732a6a60efb3c9fd1897b2d01bade838cf3f3428148476456233393733', 12451),
('d5185f84b6d2b5d45233609b2a67feeeba4eb6f69c0de2f3bb1df7397aa62032', 12451),
('e5ed03ababb5f0a058e5a72985379709f69efcac1d55b6303e52816da141151c', 12451),
('0c56a3dc17fa04de9529b43dfbf7d6a60a6f261fc647c86aeba2a375604b5ad2', 12471),
('0d278ffdbe530bd974b044370b8daf5b47bf8ca38056ca0c4bd31518edbe3deb', 12471),
('1db4cbdb2a97ebb1bc5958601044f336672cc6860dbd07c6c3eb7a9647d070af', 12471),
('21521ec2f92a9be2954cfc4877aff1a29ddaef90b1b361f894825c759e425262', 12471),
('525f28a7c7bd944d81dbf2ee05888c16df76aabd63443ced4eb85baf6e7afa07', 12471),
('63717c224d273812f5f23e963b2b257ac7bf734ee9294d9ed698c1b4d514e877', 12471),
('9141c08f01c6440e828a07ede59aeb44c7a57a8d59d4d94e3d411657a2d44b5a', 12471),
('922714de348cbf9f42a620264d69412d28911f6561e910bcb699c9f22f227871', 12471),
('c3251e7a5a4d376c78acf3a2319eb1d88cbcb6d8aac166d0d77826282abc965a', 12471),
('e5ed03ababb5f0a058e5a72985379709f69efcac1d55b6303e52816da141151c', 12471),
('1db4cbdb2a97ebb1bc5958601044f336672cc6860dbd07c6c3eb7a9647d070af', 12481),
('220ee91147910b8f3df986f37dbf71579d041a154976a056361f6d8554a1ca00', 12481),
('27d8c60262e7248584cc0c24898d966160c11ef944b6946377f34eda304c5b2f', 12481),
('b24dce732a6a60efb3c9fd1897b2d01bade838cf3f3428148476456233393733', 12481),
('b68a1f3b7304486b1cdde34143b0989d05eaef37d8cfa2a1b0ecae18e030bbc5', 12481),
('21521ec2f92a9be2954cfc4877aff1a29ddaef90b1b361f894825c759e425262', 12491),
('2f8d69f2862a734ceb1421adac5925c22b2200a13efde4df4cc121c71f4a99b2', 12491),
('35140ddb8a665b7161850a7a1208ac86e8f3a8af964aae7e08326f3cb13de34f', 12491),
('637ca7e8f9d7695eb1e498711ac1e584a6446fa948c7ad7c9963bab17796de9a', 12491),
('7eb6d83a52cfe675a73790fab912a95cf89d584336ec263da07fe58489e948e5', 12491);

-- --------------------------------------------------------

--
-- Table structure for table `messages`
--

CREATE TABLE `messages` (
  `MessageID` int(40) NOT NULL,
  `GroupID` int(40) NOT NULL,
  `UserID` int(20) NOT NULL,
  `Content` longtext NOT NULL,
  `MessageTime` timestamp NOT NULL DEFAULT CURRENT_TIMESTAMP
) ENGINE=InnoDB DEFAULT CHARSET=utf8;

--
-- Dumping data for table `messages`
--

INSERT INTO `messages` (`MessageID`, `GroupID`, `UserID`, `Content`, `MessageTime`) VALUES
(21, 21, 12399, 'What do you guys think our next feature should be?', '2017-03-15 15:01:28'),
(31, 21, 12400, 'VR! i mean AR i mean lets hand it in first', '2017-03-15 15:01:56'),
(41, 31, 12400, 'Hey Guys where and when is the party?', '2017-03-15 15:28:46'),
(51, 31, 12399, 'Lets meet at the Union Bar at 7pm?', '2017-03-15 15:29:06'),
(61, 21, 12400, 'Is it quicker?', '2017-03-15 15:47:00'),
(71, 21, 12399, 'Yeah, Pano in AR and or VR would be awesome', '2017-03-15 16:57:32'),
(81, 21, 12400, 'this is going to populate the messages', '2017-03-15 17:00:06'),
(161, 31, 12402, 'Yeah, I will first go to lecture and study for a while. But see you guys there at 7 or so.', '2017-03-16 14:18:57'),
(171, 31, 12399, 'Yeah sounds good, what about you Florian?', '2017-03-16 14:19:45'),
(181, 31, 12401, 'Im always down :D', '2017-03-16 14:20:47'),
(191, 31, 12399, 'Awesome, see you guys later then to celebrate!', '2017-03-16 14:21:28'),
(201, 21, 12400, ' you guys are not doing anything to the git right', '2017-03-16 15:47:03'),
(202, 21, 12402, 'Noo', '2017-03-16 15:47:37'),
(203, 21, 12400, 'Forget about it, we had some very weird bugs last night', '2017-03-16 15:48:40'),
(205, 21, 12401, 'When are we going for chicken though?', '2017-03-16 15:49:18'),
(206, 21, 12399, 'Haha, Florian! That\'s always the first thought on your mind eh?', '2017-03-16 15:49:49');

-- --------------------------------------------------------

--
-- Table structure for table `photocollectionsmapping`
--

CREATE TABLE `photocollectionsmapping` (
  `CollectionID` int(40) NOT NULL,
  `PostID` varchar(200) NOT NULL
) ENGINE=InnoDB DEFAULT CHARSET=utf8 ROW_FORMAT=COMPACT;

--
-- Dumping data for table `photocollectionsmapping`
--

INSERT INTO `photocollectionsmapping` (`CollectionID`, `PostID`) VALUES
(41, '203b535d95351031ccb715810a66f01900658c98238b45d26545cc6017245d72'),
(41, '21521ec2f92a9be2954cfc4877aff1a29ddaef90b1b361f894825c759e425262'),
(31, '220ee91147910b8f3df986f37dbf71579d041a154976a056361f6d8554a1ca00'),
(41, '26c84927e6e1ea4aea3df379a7cdbd6483e8ad1af53c61de30878780f2ad178c'),
(41, '35140ddb8a665b7161850a7a1208ac86e8f3a8af964aae7e08326f3cb13de34f'),
(61, '35140ddb8a665b7161850a7a1208ac86e8f3a8af964aae7e08326f3cb13de34f'),
(21, '419f3aeffb143473b6da37674edee53b0d96e30c642f5a28fcac973c3696dd32'),
(21, '46406323d7d0bdfb699ea11af8512f858f6cce46900d45a0f5bceca6c0fa17c3'),
(31, '4fdd87030a34f848817205e45499d3445b2b3c33814f13fff261d684732bca03'),
(41, '5439f89e650d3e0c1e2401ae9dae33db882ae46c847ea3cdcd0bb63afa77efad'),
(41, '5c958b34ca7b4a40e99a0408f433ffe46163fd35ea07143ba8ba5eda8a82b10c'),
(21, '5ff17c0f982fb69aac825b9046edc49d51477bccb9b3663315f0c23d6b365fec'),
(21, '63717c224d273812f5f23e963b2b257ac7bf734ee9294d9ed698c1b4d514e877'),
(41, '637ca7e8f9d7695eb1e498711ac1e584a6446fa948c7ad7c9963bab17796de9a'),
(41, '66e482b6331c737b80f800d76538d212c18ddfb6eea053a9b7e63794183c2ada'),
(72, '66e482b6331c737b80f800d76538d212c18ddfb6eea053a9b7e63794183c2ada'),
(41, '7dffac2ae21f856b9c0e1b9a79855882aae022991f693ff97a4fcd2fedf58ac0'),
(72, '7dffac2ae21f856b9c0e1b9a79855882aae022991f693ff97a4fcd2fedf58ac0'),
(41, '7eb6d83a52cfe675a73790fab912a95cf89d584336ec263da07fe58489e948e5'),
(61, '7eb6d83a52cfe675a73790fab912a95cf89d584336ec263da07fe58489e948e5'),
(51, '922714de348cbf9f42a620264d69412d28911f6561e910bcb699c9f22f227871'),
(41, 'a1c9feb073d39ef4dd3205fb5cdfe0950bee97bd9fb15319d70539f6a3e24dc1'),
(51, 'b24dce732a6a60efb3c9fd1897b2d01bade838cf3f3428148476456233393733'),
(71, 'b68a1f3b7304486b1cdde34143b0989d05eaef37d8cfa2a1b0ecae18e030bbc5'),
(21, 'd5185f84b6d2b5d45233609b2a67feeeba4eb6f69c0de2f3bb1df7397aa62032'),
(51, 'e901072985df51ccfe0eb82a792290a85dba636a5cfb9e1e0aaa5c5bdaae4ca2'),
(51, 'f6a1e85f00ac0ce795788290d44d6ecaad3c1167ad7b4903840514320da71c9d');

-- --------------------------------------------------------

--
-- Table structure for table `posts`
--

CREATE TABLE `posts` (
  `PostID` varchar(200) NOT NULL,
  `UserID` int(20) NOT NULL,
  `PostText` text NOT NULL,
  `PostTime` timestamp NOT NULL DEFAULT CURRENT_TIMESTAMP,
  `PostLocation` varchar(150) NOT NULL
) ENGINE=InnoDB DEFAULT CHARSET=utf8;

--
-- Dumping data for table `posts`
--

INSERT INTO `posts` (`PostID`, `UserID`, `PostText`, `PostTime`, `PostLocation`) VALUES
('00b44b388975d2cc8d8bc61ae1aac819920e5cfe8382b68f63fc1a753bfe7cc8', 12400, '#sunset #schwarzwald #colors', '2017-03-15 21:45:04', 'Eschbach, Germany'),
('0c56a3dc17fa04de9529b43dfbf7d6a60a6f261fc647c86aeba2a375604b5ad2', 12400, 'Largest Waterfall in the world #fozdeiguacu #agua #verde #argentinianside', '2017-03-15 14:52:47', 'foz do iguau - Cataratas del Iguaz, Posadas, Misiones Province, Argentina'),
('0d278ffdbe530bd974b044370b8daf5b47bf8ca38056ca0c4bd31518edbe3deb', 12399, '#ottawa #canda #parliament #capital', '2017-03-16 08:29:41', 'Ottawa, ON, Canada'),
('1db4cbdb2a97ebb1bc5958601044f336672cc6860dbd07c6c3eb7a9647d070af', 12401, 'Place to be <3', '2017-03-16 14:28:03', 'San Francisco, CA, United States'),
('203b535d95351031ccb715810a66f01900658c98238b45d26545cc6017245d72', 12399, '#malaysia #sunset #beautiful', '2017-03-16 11:34:06', 'Malacca, Malaysia'),
('21521ec2f92a9be2954cfc4877aff1a29ddaef90b1b361f894825c759e425262', 12399, '#sydney #australia #sea #bluesky', '2017-03-16 14:32:09', 'Sydney, New South Wales, Australia'),
('220ee91147910b8f3df986f37dbf71579d041a154976a056361f6d8554a1ca00', 12399, 'Hard at work pushing some final features before our initial release! #pano #panodev #hardatwork #thisiswherethemagichappens', '2017-03-15 17:04:04', 'West Green Road, London, United Kingdom'),
('26c84927e6e1ea4aea3df379a7cdbd6483e8ad1af53c61de30878780f2ad178c', 12399, '#weclimbedamountain #nara #japan #mountain #nature', '2017-03-16 11:14:34', 'Nara, Nara Prefecture, Japan'),
('27d8c60262e7248584cc0c24898d966160c11ef944b6946377f34eda304c5b2f', 12404, '#sydney #sydneyharbourbridge #skyline #nighttime', '2017-03-15 14:35:02', 'Sydney, New South Wales, Australia'),
('29420d4edd9d51b2bc0e297789e4c9e9db818c1253e9affa2680955ce3f263ae', 12402, '#hieronymusBosch', '2017-03-16 11:54:07', 'Berlin, Germany'),
('2f8d69f2862a734ceb1421adac5925c22b2200a13efde4df4cc121c71f4a99b2', 12401, '#studying #whereIsJohanTheSlacker', '2017-03-16 12:24:07', 'University College London, Gower Street, London, United Kingdom'),
('332bcef3d6acfe8cfddbdfa18d1ed56e44280efbf2e3963e414e9beefdeb6041', 12451, 'Russia in the morning #russia #snow #rostov #countryside', '2017-03-15 14:51:54', 'Rostov Oblast, Russia'),
('35140ddb8a665b7161850a7a1208ac86e8f3a8af964aae7e08326f3cb13de34f', 12399, '#cambodia #temples #symmetryornot #angkorthom #siemreap #dadsofpano', '2017-03-16 14:33:59', 'Angkor Thom, Krong Siem Reap, Siem Reap Province, Cambodia'),
('410e82e1c0c8717804419aded78772653a96cd954d75f10fb91609096ad767fb', 12400, '#dubistsowunderbarBerlin #wow #Berlin #sunset', '2017-03-15 15:55:58', 'Warschauer Strae, Berlin, Germany'),
('419f3aeffb143473b6da37674edee53b0d96e30c642f5a28fcac973c3696dd32', 12400, 'Imagine this with a Caipirinha #lifegoals #beentheredonethat #sunset #salvador #brasil', '2017-03-15 15:01:13', 'Elevador Lacerda - Comercio, Salvador - State of Bahia, Brazil'),
('46406323d7d0bdfb699ea11af8512f858f6cce46900d45a0f5bceca6c0fa17c3', 12400, 'Can you believe this was taken in the middle of one of the biggest and most polluted cities in the world? #ibirapuera #SaoPaulo #brasil', '2017-03-15 15:50:13', 'Parque Ibirapuera, So Paulo - State of So Paulo, Brazil'),
('4fdd87030a34f848817205e45499d3445b2b3c33814f13fff261d684732bca03', 12399, 'We are live!  #pano #panodev #ucl #fostercourt #pizza', '2017-03-15 20:59:53', 'UCL, Gower Street, London, United Kingdom'),
('525f28a7c7bd944d81dbf2ee05888c16df76aabd63443ced4eb85baf6e7afa07', 12402, '#dunes', '2017-03-16 14:49:31', 'La Guajira, Colombia'),
('5439f89e650d3e0c1e2401ae9dae33db882ae46c847ea3cdcd0bb63afa77efad', 12399, '#toronto #torontoisland #beach #peaceful', '2017-03-16 14:31:08', 'Toronto Islands, Toronto, ON, Canada'),
('5c958b34ca7b4a40e99a0408f433ffe46163fd35ea07143ba8ba5eda8a82b10c', 12399, 'Amazing up close! #niagarafalls #canada #usa #waterfall', '2017-03-15 15:25:05', 'Niagara Falls, ON, Canada'),
('5ff17c0f982fb69aac825b9046edc49d51477bccb9b3663315f0c23d6b365fec', 12400, 'What a view!!!! #wandern #brasil #chapada #12hourwalkbutwediditinthree', '2017-03-15 14:56:47', 'Chapada Diamantina, Lenis - State of Bahia, Brazil'),
('63717c224d273812f5f23e963b2b257ac7bf734ee9294d9ed698c1b4d514e877', 12400, 'Po de Acar in its entirety - look closely to see the cableway #paodeacucar #maravilhoso #nossa #rio #brasil', '2017-03-15 14:43:26', 'Forte Duque de Caxias - Leme, Rio de Janeiro - State of Rio de Janeiro, Brazil'),
('637ca7e8f9d7695eb1e498711ac1e584a6446fa948c7ad7c9963bab17796de9a', 12399, '#thunderstorm #pulauubin #singapore', '2017-03-16 14:15:46', 'Pulau Ubin Singapore'),
('66e482b6331c737b80f800d76538d212c18ddfb6eea053a9b7e63794183c2ada', 12399, '#eyjafjallajokull #iceland #mountain #nature', '2017-03-16 10:53:40', 'Eyjafjallajkull, Iceland'),
('6866b5713bcc0f2c738abb0e73391fb12c8c80fb9e5a7c0737a617daffd561b9', 12430, '#arizona #phoenix #sunset', '2017-03-16 11:52:27', 'Phoenix, AZ, United States'),
('72ee51c846f4bf321848f7a7a29ee63ea46fa65a3e8edee284c1a4f432515f87', 12402, '#Colombia', '2017-03-16 14:28:23', 'Manizales - Antioquia, Colombia'),
('7a6cf72049d0757f02681e2961a2c86308902ca925cde8d8777a2d842960489c', 12406, '#biarritz #france #sea #mountains', '2017-03-16 10:51:32', 'Biarritz, France'),
('7dffac2ae21f856b9c0e1b9a79855882aae022991f693ff97a4fcd2fedf58ac0', 12399, '#iceland #glacier #blacksand #cold #nature ', '2017-03-16 00:35:57', 'Iceland'),
('7eb6d83a52cfe675a73790fab912a95cf89d584336ec263da07fe58489e948e5', 12399, '#cambodia #temple', '2017-03-16 10:58:32', 'Siem Reap, Siem Reap Province, Cambodia'),
('9141c08f01c6440e828a07ede59aeb44c7a57a8d59d4d94e3d411657a2d44b5a', 12400, '#thisislife #sunset #edinburgh', '2017-03-16 09:40:52', 'Edinburgh, United Kingdom'),
('922714de348cbf9f42a620264d69412d28911f6561e910bcb699c9f22f227871', 12399, '#toronto #icerink #snow #cold #sunset #cntower', '2017-03-16 00:51:47', 'Toronto, ON, Canada'),
('9a68e086d2b51696e490ed5f8b9ab5b16ab7693fa22a211a8603d7c0376a1d26', 12405, '#london #trafalgarsquare #nelsonscolumn', '2017-03-16 14:32:41', 'Trafalgar Square, London, United Kingdom'),
('a1c9feb073d39ef4dd3205fb5cdfe0950bee97bd9fb15319d70539f6a3e24dc1', 12399, 'Throwback to 2014 #bali #indonesia #beautiful #summer #volcanoes #lakes ', '2017-03-15 14:40:42', 'Bali, Indonesia'),
('a6543b27b744b879e4e2785b6a286130701ff3df82c2d6653dae02bb850d8c4b', 12400, 'Now that is what I call a view! #mountains #noclouds #perfect #weather', '2017-03-16 03:00:12', 'Austria'),
('b24dce732a6a60efb3c9fd1897b2d01bade838cf3f3428148476456233393733', 12399, '#socold #montreal #canada #topofthehill #winter #snow', '2017-03-15 15:27:31', 'Montreal, QC, Canada'),
('b68a1f3b7304486b1cdde34143b0989d05eaef37d8cfa2a1b0ecae18e030bbc5', 12399, '#oldtrafford #manchester #manchesterunited', '2017-03-15 14:22:43', 'Manchester, United Kingdom'),
('c3251e7a5a4d376c78acf3a2319eb1d88cbcb6d8aac166d0d77826282abc965a', 12402, '#pablito ', '2017-03-16 11:52:08', 'Ciudad Perdida - Magdalena, Colombia'),
('d5185f84b6d2b5d45233609b2a67feeeba4eb6f69c0de2f3bb1df7397aa62032', 12400, 'One of the best views in Rio #brasil #rio #copacabana #paraiso', '2017-03-15 14:40:51', 'Forte Duque de Caxias - Leme, Rio de Janeiro - State of Rio de Janeiro, Brazil'),
('e2521ac712328cb8965fd7a378cfedb89eac479a9aafbc3f859fe78cc47aaf61', 12414, '#skyscrapers #cityscapes', '2017-03-15 15:56:12', 'Tianjin, China'),
('e3b29669e98c6e3c67b5bee6b1a596add0e813e630acbcb59c266c428c8b9bfe', 12400, 'Typical weather in Hamburg #billionsinthebackground', '2017-03-15 15:52:25', 'Elbphilharmonie Hamburg, Platz der Deutschen Einheit, Hamburg, Germany'),
('e4642ad41ae9b0bd88152c8c848e51797499fbc8f5bfb5fc7f6bf618491c6501', 12405, '#hollywood #behindthescenes', '2017-03-16 12:28:18', 'Hollywood, Los Angeles, CA, United States'),
('e5ed03ababb5f0a058e5a72985379709f69efcac1d55b6303e52816da141151c', 12400, 'Maastricht\'s main plaza in late summer #Maastricht #SBE #vrijthof #bitterballen', '2017-03-16 14:46:15', 'Vrijthof, Maastricht, Netherlands'),
('e901072985df51ccfe0eb82a792290a85dba636a5cfb9e1e0aaa5c5bdaae4ca2', 12399, '#sydney ', '2017-03-15 15:52:38', 'Sydney, New South Wales, Australia'),
('f6a1e85f00ac0ce795788290d44d6ecaad3c1167ad7b4903840514320da71c9d', 12399, '#ucl #mainquad #london', '2017-03-16 13:22:27', 'UCL, Gower Street, London, United Kingdom');

-- --------------------------------------------------------

--
-- Table structure for table `privacysettings`
--

CREATE TABLE `privacysettings` (
  `SettingID` int(5) NOT NULL,
  `Description` varchar(100) NOT NULL
) ENGINE=InnoDB DEFAULT CHARSET=utf8 ROW_FORMAT=COMPACT;

--
-- Dumping data for table `privacysettings`
--

INSERT INTO `privacysettings` (`SettingID`, `Description`) VALUES
(1, 'Friends Only'),
(2, 'Friends of Friends'),
(3, 'Public'),
(4, 'With a Group Only');

-- --------------------------------------------------------

--
-- Table structure for table `tags`
--

CREATE TABLE `tags` (
  `TagID` int(20) NOT NULL,
  `TagName` varchar(50) NOT NULL
) ENGINE=InnoDB DEFAULT CHARSET=utf8;

--
-- Dumping data for table `tags`
--

INSERT INTO `tags` (`TagID`, `TagName`) VALUES
(381, '#12hourwalkbutwediditinthree'),
(321, '#agua'),
(1441, '#angkorthom'),
(341, '#argentinianside'),
(1475, '#arizona'),
(1381, '#australia'),
(131, '#bali'),
(1351, '#beach'),
(151, '#beautiful'),
(401, '#beentheredonethat'),
(1481, '#behindthescenes'),
(611, '#berlin'),
(1471, '#biarritz'),
(571, '#billionsinthebackground'),
(261, '#bitterballen'),
(801, '#blacksand'),
(1401, '#bluesky'),
(191, '#brasil'),
(1021, '#cambodia'),
(451, '#canada'),
(1301, '#canda'),
(911, '#cantsayit'),
(1321, '#capital'),
(371, '#chapada'),
(1479, '#cityscapes'),
(881, '#cntower'),
(811, '#cold'),
(1111, '#colombia'),
(771, '#colors'),
(211, '#copacabana'),
(301, '#countryside'),
(1461, '#dadsofpano'),
(591, '#dubistsowunderbarberlin'),
(1051, '#dunes'),
(741, '#edinburgh'),
(891, '#eyjafjallajokull'),
(701, '#fostercourt'),
(311, '#fozdeiguacu'),
(1472, '#france'),
(791, '#glacier'),
(651, '#hardatwork'),
(1061, '#hieronymusbosch'),
(1480, '#hollywood'),
(541, '#ibirapuera'),
(781, '#iceland'),
(841, '#icerink'),
(141, '#indonesia'),
(1231, '#japan'),
(1041, '#laguajira'),
(181, '#lakes'),
(391, '#lifegoals'),
(1201, '#london'),
(231, '#maastricht'),
(1191, '#mainquad'),
(1081, '#malaysia'),
(71, '#manchester'),
(81, '#manchesterunited'),
(491, '#montreal'),
(1001, '#mountain'),
(931, '#mountains'),
(1221, '#nara'),
(821, '#nature'),
(1484, '#nelsonscolumn'),
(441, '#niagarafalls'),
(121, '#nighttime'),
(951, '#noclouds'),
(61, '#oldtrafford'),
(1291, '#ottawa'),
(1131, '#pablito'),
(631, '#pano'),
(641, '#panodev'),
(221, '#paraiso'),
(1311, '#parliament'),
(1361, '#peaceful'),
(961, '#perfect'),
(1476, '#phoenix'),
(711, '#pizza'),
(1271, '#pulauubin'),
(201, '#rio'),
(291, '#rostov'),
(271, '#russia'),
(421, '#salvador'),
(551, '#saopaulo'),
(241, '#sbe'),
(761, '#schwarzwald'),
(1391, '#sea'),
(1451, '#siemreap'),
(1281, '#singapore'),
(111, '#skyline'),
(1478, '#skyscrapers'),
(281, '#snow'),
(481, '#socold'),
(1161, '#studying'),
(161, '#summer'),
(411, '#sunset'),
(1071, '#surrealist'),
(91, '#sydney'),
(101, '#sydneyharbourbridge'),
(1431, '#symmetryornot'),
(1031, '#temple'),
(1421, '#temples'),
(721, '#thisislife'),
(661, '#thisiswherethemagichappens'),
(1261, '#thunderstorm'),
(511, '#topofthehill'),
(831, '#toronto'),
(1341, '#torontoisland'),
(1483, '#trafalgarsquare'),
(691, '#ucl'),
(461, '#usa'),
(331, '#verde'),
(171, '#volcanoes'),
(251, '#vrijthof'),
(351, '#wandern'),
(471, '#waterfall'),
(971, '#weather'),
(1211, '#weclimbedamountain'),
(1171, '#whereisjohantheslacker'),
(521, '#winter'),
(601, '#wow');

-- --------------------------------------------------------

--
-- Table structure for table `tagspostsmapping`
--

CREATE TABLE `tagspostsmapping` (
  `TagID` int(20) NOT NULL,
  `PostID` varchar(200) NOT NULL
) ENGINE=InnoDB DEFAULT CHARSET=utf8;

--
-- Dumping data for table `tagspostsmapping`
--

INSERT INTO `tagspostsmapping` (`TagID`, `PostID`) VALUES
(411, '00b44b388975d2cc8d8bc61ae1aac819920e5cfe8382b68f63fc1a753bfe7cc8'),
(761, '00b44b388975d2cc8d8bc61ae1aac819920e5cfe8382b68f63fc1a753bfe7cc8'),
(771, '00b44b388975d2cc8d8bc61ae1aac819920e5cfe8382b68f63fc1a753bfe7cc8'),
(311, '0c56a3dc17fa04de9529b43dfbf7d6a60a6f261fc647c86aeba2a375604b5ad2'),
(321, '0c56a3dc17fa04de9529b43dfbf7d6a60a6f261fc647c86aeba2a375604b5ad2'),
(331, '0c56a3dc17fa04de9529b43dfbf7d6a60a6f261fc647c86aeba2a375604b5ad2'),
(341, '0c56a3dc17fa04de9529b43dfbf7d6a60a6f261fc647c86aeba2a375604b5ad2'),
(1291, '0d278ffdbe530bd974b044370b8daf5b47bf8ca38056ca0c4bd31518edbe3deb'),
(1301, '0d278ffdbe530bd974b044370b8daf5b47bf8ca38056ca0c4bd31518edbe3deb'),
(1311, '0d278ffdbe530bd974b044370b8daf5b47bf8ca38056ca0c4bd31518edbe3deb'),
(1321, '0d278ffdbe530bd974b044370b8daf5b47bf8ca38056ca0c4bd31518edbe3deb'),
(151, '203b535d95351031ccb715810a66f01900658c98238b45d26545cc6017245d72'),
(411, '203b535d95351031ccb715810a66f01900658c98238b45d26545cc6017245d72'),
(1081, '203b535d95351031ccb715810a66f01900658c98238b45d26545cc6017245d72'),
(91, '21521ec2f92a9be2954cfc4877aff1a29ddaef90b1b361f894825c759e425262'),
(1381, '21521ec2f92a9be2954cfc4877aff1a29ddaef90b1b361f894825c759e425262'),
(1391, '21521ec2f92a9be2954cfc4877aff1a29ddaef90b1b361f894825c759e425262'),
(1401, '21521ec2f92a9be2954cfc4877aff1a29ddaef90b1b361f894825c759e425262'),
(631, '220ee91147910b8f3df986f37dbf71579d041a154976a056361f6d8554a1ca00'),
(641, '220ee91147910b8f3df986f37dbf71579d041a154976a056361f6d8554a1ca00'),
(651, '220ee91147910b8f3df986f37dbf71579d041a154976a056361f6d8554a1ca00'),
(661, '220ee91147910b8f3df986f37dbf71579d041a154976a056361f6d8554a1ca00'),
(821, '26c84927e6e1ea4aea3df379a7cdbd6483e8ad1af53c61de30878780f2ad178c'),
(1001, '26c84927e6e1ea4aea3df379a7cdbd6483e8ad1af53c61de30878780f2ad178c'),
(1211, '26c84927e6e1ea4aea3df379a7cdbd6483e8ad1af53c61de30878780f2ad178c'),
(1221, '26c84927e6e1ea4aea3df379a7cdbd6483e8ad1af53c61de30878780f2ad178c'),
(1231, '26c84927e6e1ea4aea3df379a7cdbd6483e8ad1af53c61de30878780f2ad178c'),
(91, '27d8c60262e7248584cc0c24898d966160c11ef944b6946377f34eda304c5b2f'),
(101, '27d8c60262e7248584cc0c24898d966160c11ef944b6946377f34eda304c5b2f'),
(111, '27d8c60262e7248584cc0c24898d966160c11ef944b6946377f34eda304c5b2f'),
(121, '27d8c60262e7248584cc0c24898d966160c11ef944b6946377f34eda304c5b2f'),
(1161, '2f8d69f2862a734ceb1421adac5925c22b2200a13efde4df4cc121c71f4a99b2'),
(1171, '2f8d69f2862a734ceb1421adac5925c22b2200a13efde4df4cc121c71f4a99b2'),
(271, '332bcef3d6acfe8cfddbdfa18d1ed56e44280efbf2e3963e414e9beefdeb6041'),
(281, '332bcef3d6acfe8cfddbdfa18d1ed56e44280efbf2e3963e414e9beefdeb6041'),
(291, '332bcef3d6acfe8cfddbdfa18d1ed56e44280efbf2e3963e414e9beefdeb6041'),
(301, '332bcef3d6acfe8cfddbdfa18d1ed56e44280efbf2e3963e414e9beefdeb6041'),
(1021, '35140ddb8a665b7161850a7a1208ac86e8f3a8af964aae7e08326f3cb13de34f'),
(1421, '35140ddb8a665b7161850a7a1208ac86e8f3a8af964aae7e08326f3cb13de34f'),
(1431, '35140ddb8a665b7161850a7a1208ac86e8f3a8af964aae7e08326f3cb13de34f'),
(1441, '35140ddb8a665b7161850a7a1208ac86e8f3a8af964aae7e08326f3cb13de34f'),
(1451, '35140ddb8a665b7161850a7a1208ac86e8f3a8af964aae7e08326f3cb13de34f'),
(1461, '35140ddb8a665b7161850a7a1208ac86e8f3a8af964aae7e08326f3cb13de34f'),
(411, '410e82e1c0c8717804419aded78772653a96cd954d75f10fb91609096ad767fb'),
(591, '410e82e1c0c8717804419aded78772653a96cd954d75f10fb91609096ad767fb'),
(601, '410e82e1c0c8717804419aded78772653a96cd954d75f10fb91609096ad767fb'),
(611, '410e82e1c0c8717804419aded78772653a96cd954d75f10fb91609096ad767fb'),
(191, '419f3aeffb143473b6da37674edee53b0d96e30c642f5a28fcac973c3696dd32'),
(391, '419f3aeffb143473b6da37674edee53b0d96e30c642f5a28fcac973c3696dd32'),
(401, '419f3aeffb143473b6da37674edee53b0d96e30c642f5a28fcac973c3696dd32'),
(411, '419f3aeffb143473b6da37674edee53b0d96e30c642f5a28fcac973c3696dd32'),
(421, '419f3aeffb143473b6da37674edee53b0d96e30c642f5a28fcac973c3696dd32'),
(191, '46406323d7d0bdfb699ea11af8512f858f6cce46900d45a0f5bceca6c0fa17c3'),
(541, '46406323d7d0bdfb699ea11af8512f858f6cce46900d45a0f5bceca6c0fa17c3'),
(551, '46406323d7d0bdfb699ea11af8512f858f6cce46900d45a0f5bceca6c0fa17c3'),
(631, '4fdd87030a34f848817205e45499d3445b2b3c33814f13fff261d684732bca03'),
(641, '4fdd87030a34f848817205e45499d3445b2b3c33814f13fff261d684732bca03'),
(691, '4fdd87030a34f848817205e45499d3445b2b3c33814f13fff261d684732bca03'),
(701, '4fdd87030a34f848817205e45499d3445b2b3c33814f13fff261d684732bca03'),
(711, '4fdd87030a34f848817205e45499d3445b2b3c33814f13fff261d684732bca03'),
(1051, '525f28a7c7bd944d81dbf2ee05888c16df76aabd63443ced4eb85baf6e7afa07'),
(831, '5439f89e650d3e0c1e2401ae9dae33db882ae46c847ea3cdcd0bb63afa77efad'),
(1341, '5439f89e650d3e0c1e2401ae9dae33db882ae46c847ea3cdcd0bb63afa77efad'),
(1351, '5439f89e650d3e0c1e2401ae9dae33db882ae46c847ea3cdcd0bb63afa77efad'),
(1361, '5439f89e650d3e0c1e2401ae9dae33db882ae46c847ea3cdcd0bb63afa77efad'),
(441, '5c958b34ca7b4a40e99a0408f433ffe46163fd35ea07143ba8ba5eda8a82b10c'),
(451, '5c958b34ca7b4a40e99a0408f433ffe46163fd35ea07143ba8ba5eda8a82b10c'),
(461, '5c958b34ca7b4a40e99a0408f433ffe46163fd35ea07143ba8ba5eda8a82b10c'),
(471, '5c958b34ca7b4a40e99a0408f433ffe46163fd35ea07143ba8ba5eda8a82b10c'),
(191, '5ff17c0f982fb69aac825b9046edc49d51477bccb9b3663315f0c23d6b365fec'),
(351, '5ff17c0f982fb69aac825b9046edc49d51477bccb9b3663315f0c23d6b365fec'),
(371, '5ff17c0f982fb69aac825b9046edc49d51477bccb9b3663315f0c23d6b365fec'),
(381, '5ff17c0f982fb69aac825b9046edc49d51477bccb9b3663315f0c23d6b365fec'),
(1261, '637ca7e8f9d7695eb1e498711ac1e584a6446fa948c7ad7c9963bab17796de9a'),
(1271, '637ca7e8f9d7695eb1e498711ac1e584a6446fa948c7ad7c9963bab17796de9a'),
(1281, '637ca7e8f9d7695eb1e498711ac1e584a6446fa948c7ad7c9963bab17796de9a'),
(781, '66e482b6331c737b80f800d76538d212c18ddfb6eea053a9b7e63794183c2ada'),
(821, '66e482b6331c737b80f800d76538d212c18ddfb6eea053a9b7e63794183c2ada'),
(891, '66e482b6331c737b80f800d76538d212c18ddfb6eea053a9b7e63794183c2ada'),
(1001, '66e482b6331c737b80f800d76538d212c18ddfb6eea053a9b7e63794183c2ada'),
(411, '6866b5713bcc0f2c738abb0e73391fb12c8c80fb9e5a7c0737a617daffd561b9'),
(1475, '6866b5713bcc0f2c738abb0e73391fb12c8c80fb9e5a7c0737a617daffd561b9'),
(1476, '6866b5713bcc0f2c738abb0e73391fb12c8c80fb9e5a7c0737a617daffd561b9'),
(1111, '72ee51c846f4bf321848f7a7a29ee63ea46fa65a3e8edee284c1a4f432515f87'),
(931, '7a6cf72049d0757f02681e2961a2c86308902ca925cde8d8777a2d842960489c'),
(1391, '7a6cf72049d0757f02681e2961a2c86308902ca925cde8d8777a2d842960489c'),
(1471, '7a6cf72049d0757f02681e2961a2c86308902ca925cde8d8777a2d842960489c'),
(1472, '7a6cf72049d0757f02681e2961a2c86308902ca925cde8d8777a2d842960489c'),
(781, '7dffac2ae21f856b9c0e1b9a79855882aae022991f693ff97a4fcd2fedf58ac0'),
(791, '7dffac2ae21f856b9c0e1b9a79855882aae022991f693ff97a4fcd2fedf58ac0'),
(801, '7dffac2ae21f856b9c0e1b9a79855882aae022991f693ff97a4fcd2fedf58ac0'),
(811, '7dffac2ae21f856b9c0e1b9a79855882aae022991f693ff97a4fcd2fedf58ac0'),
(821, '7dffac2ae21f856b9c0e1b9a79855882aae022991f693ff97a4fcd2fedf58ac0'),
(1021, '7eb6d83a52cfe675a73790fab912a95cf89d584336ec263da07fe58489e948e5'),
(1031, '7eb6d83a52cfe675a73790fab912a95cf89d584336ec263da07fe58489e948e5'),
(411, '9141c08f01c6440e828a07ede59aeb44c7a57a8d59d4d94e3d411657a2d44b5a'),
(721, '9141c08f01c6440e828a07ede59aeb44c7a57a8d59d4d94e3d411657a2d44b5a'),
(741, '9141c08f01c6440e828a07ede59aeb44c7a57a8d59d4d94e3d411657a2d44b5a'),
(281, '922714de348cbf9f42a620264d69412d28911f6561e910bcb699c9f22f227871'),
(411, '922714de348cbf9f42a620264d69412d28911f6561e910bcb699c9f22f227871'),
(811, '922714de348cbf9f42a620264d69412d28911f6561e910bcb699c9f22f227871'),
(831, '922714de348cbf9f42a620264d69412d28911f6561e910bcb699c9f22f227871'),
(841, '922714de348cbf9f42a620264d69412d28911f6561e910bcb699c9f22f227871'),
(881, '922714de348cbf9f42a620264d69412d28911f6561e910bcb699c9f22f227871'),
(1201, '9a68e086d2b51696e490ed5f8b9ab5b16ab7693fa22a211a8603d7c0376a1d26'),
(1483, '9a68e086d2b51696e490ed5f8b9ab5b16ab7693fa22a211a8603d7c0376a1d26'),
(1484, '9a68e086d2b51696e490ed5f8b9ab5b16ab7693fa22a211a8603d7c0376a1d26'),
(131, 'a1c9feb073d39ef4dd3205fb5cdfe0950bee97bd9fb15319d70539f6a3e24dc1'),
(141, 'a1c9feb073d39ef4dd3205fb5cdfe0950bee97bd9fb15319d70539f6a3e24dc1'),
(151, 'a1c9feb073d39ef4dd3205fb5cdfe0950bee97bd9fb15319d70539f6a3e24dc1'),
(161, 'a1c9feb073d39ef4dd3205fb5cdfe0950bee97bd9fb15319d70539f6a3e24dc1'),
(171, 'a1c9feb073d39ef4dd3205fb5cdfe0950bee97bd9fb15319d70539f6a3e24dc1'),
(181, 'a1c9feb073d39ef4dd3205fb5cdfe0950bee97bd9fb15319d70539f6a3e24dc1'),
(931, 'a6543b27b744b879e4e2785b6a286130701ff3df82c2d6653dae02bb850d8c4b'),
(951, 'a6543b27b744b879e4e2785b6a286130701ff3df82c2d6653dae02bb850d8c4b'),
(961, 'a6543b27b744b879e4e2785b6a286130701ff3df82c2d6653dae02bb850d8c4b'),
(971, 'a6543b27b744b879e4e2785b6a286130701ff3df82c2d6653dae02bb850d8c4b'),
(281, 'b24dce732a6a60efb3c9fd1897b2d01bade838cf3f3428148476456233393733'),
(451, 'b24dce732a6a60efb3c9fd1897b2d01bade838cf3f3428148476456233393733'),
(481, 'b24dce732a6a60efb3c9fd1897b2d01bade838cf3f3428148476456233393733'),
(491, 'b24dce732a6a60efb3c9fd1897b2d01bade838cf3f3428148476456233393733'),
(511, 'b24dce732a6a60efb3c9fd1897b2d01bade838cf3f3428148476456233393733'),
(521, 'b24dce732a6a60efb3c9fd1897b2d01bade838cf3f3428148476456233393733'),
(61, 'b68a1f3b7304486b1cdde34143b0989d05eaef37d8cfa2a1b0ecae18e030bbc5'),
(71, 'b68a1f3b7304486b1cdde34143b0989d05eaef37d8cfa2a1b0ecae18e030bbc5'),
(81, 'b68a1f3b7304486b1cdde34143b0989d05eaef37d8cfa2a1b0ecae18e030bbc5'),
(1131, 'c3251e7a5a4d376c78acf3a2319eb1d88cbcb6d8aac166d0d77826282abc965a'),
(191, 'd5185f84b6d2b5d45233609b2a67feeeba4eb6f69c0de2f3bb1df7397aa62032'),
(201, 'd5185f84b6d2b5d45233609b2a67feeeba4eb6f69c0de2f3bb1df7397aa62032'),
(211, 'd5185f84b6d2b5d45233609b2a67feeeba4eb6f69c0de2f3bb1df7397aa62032'),
(221, 'd5185f84b6d2b5d45233609b2a67feeeba4eb6f69c0de2f3bb1df7397aa62032'),
(1478, 'e2521ac712328cb8965fd7a378cfedb89eac479a9aafbc3f859fe78cc47aaf61'),
(1479, 'e2521ac712328cb8965fd7a378cfedb89eac479a9aafbc3f859fe78cc47aaf61'),
(571, 'e3b29669e98c6e3c67b5bee6b1a596add0e813e630acbcb59c266c428c8b9bfe'),
(1480, 'e4642ad41ae9b0bd88152c8c848e51797499fbc8f5bfb5fc7f6bf618491c6501'),
(1481, 'e4642ad41ae9b0bd88152c8c848e51797499fbc8f5bfb5fc7f6bf618491c6501'),
(231, 'e5ed03ababb5f0a058e5a72985379709f69efcac1d55b6303e52816da141151c'),
(241, 'e5ed03ababb5f0a058e5a72985379709f69efcac1d55b6303e52816da141151c'),
(251, 'e5ed03ababb5f0a058e5a72985379709f69efcac1d55b6303e52816da141151c'),
(261, 'e5ed03ababb5f0a058e5a72985379709f69efcac1d55b6303e52816da141151c'),
(91, 'e901072985df51ccfe0eb82a792290a85dba636a5cfb9e1e0aaa5c5bdaae4ca2'),
(691, 'f6a1e85f00ac0ce795788290d44d6ecaad3c1167ad7b4903840514320da71c9d'),
(1191, 'f6a1e85f00ac0ce795788290d44d6ecaad3c1167ad7b4903840514320da71c9d'),
(1201, 'f6a1e85f00ac0ce795788290d44d6ecaad3c1167ad7b4903840514320da71c9d');

-- --------------------------------------------------------

--
-- Table structure for table `user`
--

CREATE TABLE `user` (
  `UserID` int(20) NOT NULL,
  `FirstName` varchar(30) NOT NULL,
  `LastName` varchar(30) NOT NULL,
  `UserName` varchar(30) NOT NULL,
  `EmailAddress` varchar(80) NOT NULL,
  `Password` char(64) NOT NULL,
  `Location` varchar(150) NOT NULL,
  `ShortDescrip` varchar(150) NOT NULL,
  `DateCreated` timestamp NOT NULL DEFAULT CURRENT_TIMESTAMP,
  `SettingID` int(5) NOT NULL DEFAULT '3',
  `ProfilePictureID` varchar(200) DEFAULT '0'
) ENGINE=InnoDB DEFAULT CHARSET=utf8;

--
-- Dumping data for table `user`
--

INSERT INTO `user` (`UserID`, `FirstName`, `LastName`, `UserName`, `EmailAddress`, `Password`, `Location`, `ShortDescrip`, `DateCreated`, `SettingID`, `ProfilePictureID`) VALUES
(12399, 'Li', 'Xie', 'Liko', 'liko@mail.com', '$2y$10$SW1DWeNQuLcFdbWs2PgXiO5VqCrUDdzJ173sEi/tLmL9oWsXWmI4G', 'London, United Kingdom', ' Hey, welcome to my page! Lets talk about Pano!', '2017-02-21 18:24:29', 2, '12399'),
(12400, 'Lucas', 'Valtl', 'Lucas', 'lucas@pano.com', '$2y$10$KZHC1VBrAWtUZJPrcwyb9uL1TWIwJqP9FIYT7O2k4BNvK5PX8ZYay', 'London', '   I like Pano', '2017-02-21 18:25:19', 1, '12400'),
(12401, 'Florian', 'Obst', 'Florian', 'florian@pano.com', '$2y$10$JCCx7lZflspi.B55V7j8bOEuJG.gM1MlpeQbrZDeYiT8oh0MLRm2m', 'London', 'Go Pano Go', '2017-02-21 18:25:47', 3, '12401'),
(12402, 'Johannes', 'Landgraf', 'Johannes', 'johannes@pano.com', '$2y$10$6Bq0sco8ddlwFUy47oNAA.Nm.QvD7wmMtYaA.z6iuRsjLOOLyHWHm', 'London', 'Pano is great', '2017-02-21 18:26:32', 3, '12402'),
(12403, 'Noob', 'Master', 'Noob123', 'noob@mail.com', '$2y$10$bfqBPR5mPB0nuuY4SAEOo.M090R/7Q3x/b/N10T5Hpkku7U3kcLfG', 'London', 'I am a noob', '2017-02-22 22:57:13', 3, '12403'),
(12404, 'Secret', 'Guy', 'PanoMaster', 'pano@mail.com', '$2y$10$ty.2qdk5XT4G0JKIPep5VeLmYeeOF4qA.0CzerybEIauymnIGIzHa', 'Manchester', 'I am just a test account. Nothing special here really.', '2017-03-03 19:22:06', 3, '12404'),
(12405, 'John', 'Smith', 'braveAsian', 'brave@brave.com', '$2y$10$uIqDRSHJcUTOKoClHm4pH.R46lAjMea.bJTbLqHbGkFnP8Wk/jWIm', 'Hawaii', 'I killed a lion once', '2017-03-03 19:28:37', 1, '12405'),
(12406, 'Samuel', 'Yoloman', 'yolo_merchant', 'yolo@yolo.com', '$2y$10$24/4oboKR4gqDakyRHr1MejMpXjAmdGhWIziY2fV0bxtXq4HtTeCq', 'Edinburgh', 'I buy and sell yolo', '2017-03-03 19:50:23', 3, '12406'),
(12407, 'Max', 'Power', 'power_ranger246', 'power@power.com', '$2y$10$82YF6Km3trd/N3Q./ZKHt.cZduYyiFu2yXj2EAICXzhCzLNu./jk2', 'Reading', 'I like power rangers', '2017-03-03 19:52:31', 3, '12407'),
(12408, 'Crash', 'Bandicoot', 'CrashBandicoot', 'crash@crash.com', '$2y$10$hTY.hC9Zr.wzkVRfCMVhMeHbtjtqhufX/AU.YP5JdZypyAKwy/sGO', 'CrashLand', 'I have a remake coming out soon!', '2017-03-03 19:54:34', 3, '12408'),
(12409, 'Ghost', 'Sniper', 'ghostsniper64', 'ghosty@snipes.com', '$2y$10$JK3i/3aFD2GzQdOU5QUi6u44NPvau6jBwfF4UpT/ZCed/8cVPf96a', 'London', 'I hide in the grass and wait for people to come out of cover.', '2017-03-03 20:02:49', 3, '12409'),
(12410, 'Daniel', 'Hernandez', 'SuperSuperMario', 'supermario@supermail.com', '$2y$10$/BwLMoyPhfcEpfIshpJux.V0QBLj6tio5lWok.kF6gLlovP6ecpAi', 'Paris', 'Hi Im Daniel Hernandez, and I love photography. Pano is great!', '2017-03-04 15:49:00', 3, '12410'),
(12411, 'Harry', 'Johnson', 'GreatElephant_gal', 'GreatElephant_gal@master.com', '$2y$10$oAXkitKKp8J8xMOXYj/34uzHMc1vL4ljNY8uMsYP7vh.Yx8VDp3gy', 'Manchester', 'Hi Im Harry Johnson, and I love photography. Pano is great!', '2017-03-04 15:49:00', 1, '12411'),
(12412, 'Michelle', 'Andersen', 'SleepySpeaker123', 'SleepySpeaker123@panoapp.com', '$2y$10$Yb.GLoF0j/DSu4GHKTx.EuCaAcCuJoAJHNyITWjr3hWvbRjs9.H5S', 'Manchester', 'Hi Im Michelle Andersen, and I love photography. Pano is great!', '2017-03-04 15:49:01', 3, '12412'),
(12413, 'Harry', 'Zhao', 'SneakyBowl', 'SneakyBowl@ok.com', '$2y$10$KdoT.k5gUvSDr2EYhrS5fO3uNH.wq7QRMJ.B0KctJrlAWeHogptvm', 'Milan', 'Hi Im Harry Zhao, and I love photography. Pano is great!', '2017-03-04 15:49:01', 2, '12413'),
(12414, 'Michelle', 'Gunaydin', 'SleepyTuna', 'SleepyTuna@ok.com', '$2y$10$ynszWRXh4wjeEnqFxJ.0w.7.IqG37l.e3muy01JEWLMkhjI2XBcLm', 'Berlin', 'Hi Im Michelle Gunaydin, and I love photography. Pano is great!', '2017-03-04 15:49:01', 3, '12414'),
(12415, 'Andrew', 'Lee', 'SpecialDinosaur246', 'SpecialDinosaur246@lol.com', '$2y$10$Z.tMlyWSrOXXSPqC5zHCKumDyGf1oEq8bdtP.J2Vi4obWk2Ab0fZK', 'Berlin', 'Hi Im Andrew Lee, and I love photography. Pano is great!', '2017-03-04 17:41:05', 3, '12415'),
(12416, 'Jess', 'Nguyen', 'SneakyBowl666', 'SneakyBowl666@ucl.ac.uk', '$2y$10$ZNL1ghJVZNazi5UzgQpksOJQ8xl9/gKawez0D4evHEOLIqwwwTxaO', 'Montreal', 'Hi Im Jess Nguyen, and I love photography. Pano is great!', '2017-03-04 17:41:05', 2, '12416'),
(12417, 'Peter', 'Nguyen', 'FaultedDinosaur', 'FaultedDinosaur@lol.com', '$2y$10$.yrKEyyor5V566fZQJ3LiuKYx1663ssKtjX0/S2ozyTmQAtnvIAxi', 'Dublin', 'Hi Im Peter Nguyen, and I love photography. Pano is great!', '2017-03-04 17:41:06', 3, '12417'),
(12418, 'Sarah', 'Kuznetzov', 'Sneakymonster', 'Sneakymonster@ucl.ac.uk', '$2y$10$cF8bJRyWrSbqQxiDFQ0MJuEyP6GM3Gi/Ij9wtSMf1qZf3KpQn.vAG', 'Belfast', 'Hi Im Sarah Kuznetzov, and I love photography. Pano is great!', '2017-03-04 17:41:06', 2, '12418'),
(12419, 'Claire', 'Johnson', 'A_Snake', 'A_Snake@panoapp.com', '$2y$10$CA7tYdn05nhzH.NcOihWYeq3BTI1wlU3n3D4RrY6zLZd5IZS1HYla', 'Paris', 'Hi Im Claire Johnson, and I love photography. Pano is great!', '2017-03-04 17:41:06', 3, '12419'),
(12420, 'Peter', 'Muller', 'DragonTuna246', 'DragonTuna246@lol.com', '$2y$10$q6jhAS4yjspxMeS6kexptOAY5hkjBOZpHF8RpwTzQf/QVuybxpEDq', 'Birmingham', 'Hi Im Peter Muller, and I love photography. Pano is great!', '2017-03-04 17:41:07', 3, '12420'),
(12421, 'Daniel', 'Kuznetzov', 'AngryBookLass', 'AngryBookLass@panoapp.com', '$2y$10$YvVCoTLquPP4f/eGUAt2LOfFHfPLLJvcwJoDSaFm1yJExr2Rw0RrO', 'Toronto', 'Hi Im Daniel Kuznetzov, and I love photography. Pano is great!', '2017-03-04 17:41:07', 3, '12421'),
(12422, 'Sally', 'Thompson', 'TheOneAndOnlyBook', 'TheOneAndOnlyBook@panoapp.com', '$2y$10$tWwQRZGyhvN3W0YFKRZ/cO2nmRDJax5XJaQ386H64ArHweOJuWKt6', 'Montpellier', 'Hi Im Sally Thompson, and I love photography. Pano is great!', '2017-03-04 17:41:07', 2, '12422'),
(12423, 'Michelle', 'Nguyen', 'ThePotato246', 'ThePotato246@mail.com', '$2y$10$puNV95xYewpXqnjpjJs3e..ZR5w34WM49olMz4r987PMSn5DfMGVO', 'Montreal', 'Hi Im Michelle Nguyen, and I love photography. Pano is great!', '2017-03-04 17:41:08', 3, '12423'),
(12424, 'Sarah', 'Walker', 'AwesomeElephant', 'AwesomeElephant@supermail.com', '$2y$10$MzVHC1FqYqfCE6qIHjOHpuPKAjvF71HYIBYc0gtwYw.7uAFfuxT8S', 'New York', 'Hi Im Sarah Walker, and I love photography. Pano is great!', '2017-03-04 17:41:08', 2, '12424'),
(12425, 'Sally', 'Zhao', 'SpecialSpeaker', 'SpecialSpeaker@mail.com', '$2y$10$ePFiP9oFHIUB.sA9OOqcUOnLbJxvxjzRmpdUVP8Uk37varieSeUX2', 'Dublin', 'Hi Im Sally Zhao, and I love photography. Pano is great!', '2017-03-04 17:41:08', 3, '12425'),
(12426, 'Andrew', 'Ling', 'AwesomePlayer', 'AwesomePlayer@ok.com', '$2y$10$OagxNAnEnYb3Tt6sWISvZ.WRaFOMwA1BD1dFgh8lbAEyQUDeBxJU2', 'Paris', 'Hi Im Andrew Ling, and I love photography. Pano is great!', '2017-03-04 17:41:08', 1, '12426'),
(12427, 'Maisie', 'Nguyen', 'amazingAntKing', 'amazingAntKing@lol.com', '$2y$10$486TAGeixbzIawI.Te4Oo.zQWkAvgS5Pw7EC5nR3JvVy0mH0CxFw2', 'Edinburgh', 'Hi Im Maisie Nguyen, and I love photography. Pano is great!', '2017-03-04 17:41:09', 3, '12427'),
(12428, 'Drew', 'Thompson', 'TheRealPro_gal', 'TheRealPro_gal@lol.com', '$2y$10$JnMDeXlvqje.tLJD3ot9xOvqlk4gizfx/OsddKMrEKdFLohTDikR6', 'Dublin', 'Hi Im Drew Thompson, and I love photography. Pano is great!', '2017-03-04 17:41:09', 3, '12428'),
(12429, 'Sarah', 'Kuznetzov', 'GreatTunaGirl', 'GreatTunaGirl@panoapp.com', '$2y$10$L251KOwaRdmX5VvfYLhgweFArOjVXZsn8GCEzUxMWaRqTHrh1YA26', 'San Francisco', 'Hi Im Sarah Kuznetzov, and I love photography. Pano is great!', '2017-03-04 17:41:09', 3, '12429'),
(12430, 'John', 'Garcia', 'LazyOrangutan_fan', 'LazyOrangutan_fan@master.com', '$2y$10$KB18toUgrXrTfUyTE4lyXeqqGwGHR/HpVEDrDxBZDW3zmJxwjXDn6', 'New York', 'Hi Im John Garcia, and I love photography. Pano is great!', '2017-03-04 17:41:10', 3, '12430'),
(12431, 'Peter', 'Johnson', 'TheUndisputedZebraGirl', 'TheUndisputedZebraGirl@mail.com', '$2y$10$SWpIgYIkBAQvff9w3Xvnb.cjhP89Jacdbm.HdUvVMa5gx3evR/Dxe', 'New York', 'Hi Im Peter Johnson, and I love photography. Pano is great!', '2017-03-04 17:41:10', 3, '12431'),
(12432, 'Harry', 'Gonzalez', 'TheMonsterGirl', 'TheMonsterGirl@master.com', '$2y$10$CUuxgJPVv66St84h73TSpOViGE2um7iiHmSf64WTJzKukEKfG1LTS', 'London', 'Hi Im Harry Gonzalez, and I love photography. Pano is great!', '2017-03-04 17:41:10', 3, '12432'),
(12433, 'Peter', 'Martina', 'AngryBowl', 'AngryBowl@panoapp.com', '$2y$10$HfVaYunUE1IDslmpt4MKru0MFKcK9c0bKMUXjjFeU83HQbZyLE822', 'Berlin', 'Hi Im Peter Martina, and I love photography. Pano is great!', '2017-03-04 17:41:11', 2, '12433'),
(12434, 'Harry', 'Nguyen', 'SuperMonsterKing', 'SuperMonsterKing@lol.com', '$2y$10$LR/g.H/0zvPYGMEN1fVRWugMhi3a08EMc4peWaRLMNfUbdNKhTEqm', 'Montpellier', 'Hi Im Harry Nguyen, and I love photography. Pano is great!', '2017-03-04 17:41:11', 3, '12434'),
(12435, 'Peter', 'Wu', 'TheUndisputedElephantmaster', 'TheUndisputedElephantmaster@panoapp.com', '$2y$10$l3myL66wU3Hre93YdnfPvujLuiOWyQKP/FHybh8vp7KtIfFfEHZim', 'Washington DC', 'Hi Im Peter Wu, and I love photography. Pano is great!', '2017-03-04 17:43:20', 3, '12435'),
(12436, 'Drew', 'Wu', 'CrazyAntEaterLass', 'CrazyAntEaterLass@panoapp.com', '$2y$10$uBChQ4n4VbtIqFTYOuvQUuKFdMg6ZQXGM5Wl3gj/JFOLK6of1E61m', 'Montpellier', 'Hi Im Drew Wu, and I love photography. Pano is great!', '2017-03-04 17:43:21', 3, '12436'),
(12437, 'Claire', 'Ivanov', 'SillyOrangutanMaster', 'SillyOrangutanMaster@panoapp.com', '$2y$10$wzFw7t1iYEfUrRmEx3FCjeYbvHSjqrK894LYGRvrx.MJgyuYsYnW6', 'New York', 'Hi Im Claire Ivanov, and I love photography. Pano is great!', '2017-03-04 17:43:21', 3, '0'),
(12438, 'Michelle', 'Park', 'SuperProGirl', 'SuperProGirl@supermail.com', '$2y$10$Z3FAB4AlszXqhqy.b5xf8eoeqiEKZK9NsAX19WnzFHD1soAZ9K.Vu', 'Montreal', 'Hi Im Michelle Park, and I love photography. Pano is great!', '2017-03-04 17:45:35', 3, '0'),
(12439, 'Sally', 'Martina', 'CrazyAntEaterKid', 'CrazyAntEaterKid@master.com', '$2y$10$e0iOOAQbjN/SvqZmmzCZJe.AqOG.Nveci2sSU6zSLV4r2XPRafhUC', 'Chicago', 'Hi Im Sally Martina, and I love photography. Pano is great!', '2017-03-04 17:45:35', 3, '0'),
(12440, 'Sarah', 'Johnson', 'SillyElephant_kid', 'SillyElephant_kid@supermail.com', '$2y$10$/ngHYtHUGYfb.oiBJg1i8eXr6c84psrqk4Uj6oKxDaESCIP1uMiyu', 'Toronto', 'Hi Im Sarah Johnson, and I love photography. Pano is great!', '2017-03-04 17:45:36', 3, '0'),
(12441, 'Jonathan', 'Gunaydin', 'SneakyBook1', 'SneakyBook1@panoapp.com', '$2y$10$n9xQ5aPLWrBgc.epM73MEuJhETRHjS8FjllXcFuKxkM4O1hC6mpSe', 'London', 'Hi Im Jonathan Gunaydin, and I love photography. Pano is great!', '2017-03-10 20:16:53', 3, '0'),
(12442, 'Jess', 'Nguyen', 'AwesomeBottle', 'AwesomeBottle@ucl.ac.uk', '$2y$10$uEiGBhZFZSaiopI0HaDWne0Rhmi/me42yZbb8H9ZYtVCkCi8jiZtS', 'San Francisco', 'Hi Im Jess Nguyen, and I love photography. Pano is great!', '2017-03-10 20:16:53', 3, '0'),
(12443, 'Michelle', 'Nguyen', 'amazingBottleLass', 'amazingBottleLass@master.com', '$2y$10$Zk1hKuMQU15mhjEJYqviH.I5/JU25XyVhi6ceDKXEosysyywLlXlm', 'Chicago', 'Hi Im Michelle Nguyen, and I love photography. Pano is great!', '2017-03-10 20:16:53', 3, '0'),
(12444, 'Fynn', 'Dewald', 'fynn', 'fynn@gmail.com', '$2y$10$GnDQaLqudLFIIPX9208zRO62AnjG8T42IsknR3wn0Fcjv42VNOOZ.', 'London', 'I love Law', '2017-03-10 23:59:17', 3, '0'),
(12445, 'Yolo', 'Wizard', 'YoloWizard', 'yolo@wizard.com', '$2y$10$HVyaVW7tXvjBDGmyz7ivu.3Tz5fh3QfRMItPH6OD5o8HqvisDqqFW', 'Hodor', 'I stack shields', '2017-03-12 14:45:26', 2, '0'),
(12448, 'Thomas', 'Tank', 'PenguinKing', 'penguinking@mail.com', '$2y$10$uTVBAjADg7HlN2GhQ/.Q3eEeHqfYUUF4FS9gBxCZ4vMfWRSlaltrW', 'Belfast, United Kingdom', 'I like Thomas the Tank Engine', '2017-03-14 03:37:24', 3, '12448'),
(12450, 'John', 'Johnson', 'JohnJohnson', 'johnjohn@lol.com', '$2y$10$selwfxibgY05ulwKf9IQbeTj67d5vYy8Ww34fTBt4u3YID/bkJodu', 'London, ON, Canada', 'I\'m awesome!', '2017-03-14 03:49:29', 3, '0'),
(12451, 'Aaron', 'Anger', 'AngryBoy', 'angryboy@mail.com', '$2y$10$aOpPyE.fESUe2OgsEOQE/OvFpFO8tii6SlFUA6bQlU17izHvVHQRu', 'London, United Kingdom', 'Scientific research is my life, but I like panoramas too!', '2017-03-15 14:45:57', 3, '12451'),
(12471, 'de', 'bugger', 'debugger', 'debugger@gmail.com', '$2y$10$preXbnpxvxHwr3wVOBoDp.JiLYOAtmOiKsi8.cXeRJSXflkXNIz7S', 'London, United Kingdom', 'i am debugging', '2017-03-16 00:30:36', 3, '0'),
(12481, 'Chiara', 'Diekmann', 'Kiki', 'chiara.diekmann93@gmail.com', '$2y$10$3GSgSZaOFJORn56GNsZXsOOYHHGq5uSoYWOL.ywXXQON1ofrhAzgK', 'Berlin, Deutschland', 'Funny', '2017-03-16 06:35:11', 3, '0'),
(12491, 'Test', 'Ing', 'testing123', 'testin@test.test', '$2y$10$zAI10aliVg/szQKMXj0dD.dLGnfIRiwzu0xjngPJeiCsv4C3i4FIa', 'Tester Road, Snohomish, WA, United States', 'I am testing', '2017-03-16 09:37:35', 3, '0'),
(12501, 'fdggfdgfd', 'gfdgfd', 'ghfghfhg', 'gdhhgdgdh@gmail.com', '$2y$10$goS34L9Sbk78EcETpAt0LuSeGLD6bxt2Hz5syH.c1YHN/bPV3NCOO', 'London', 'dfssfdsfdsdfs', '2017-03-16 14:05:01', 3, '0'),
(12511, 'Jim', 'Watch', 'CoolKid', 'lool@mial.com', '$2y$10$Ryf5WPw7idanXIvERD4o9.u.nqZS0lCfoNF1lB6LXiWYBRmhf7OsO', 'London, United Kingdom', 'A bit of everything really', '2017-03-16 16:52:58', 3, '0'),
(12512, 'Grace', 'Goo', 'AmazingGrace', 'grace@mail.com', '$2y$10$J/CwzAXaLBbN9UDkhx7PouUL99KBY4xNS1lWJEvzcBXDAuqDKWrHi', 'Buenos Aires, Autonomous City of Buenos Aires, Argentina', 'I like Panoramas!', '2017-03-16 17:00:26', 3, '0'),
(12513, 'Peter', 'Peterson', 'ChickenFiend', 'chickenmainman@chicken.com', '$2y$10$gXXc26NgYvSQQyH4YTP1g.4.ElqPEhDs.URoU7FrBVsxSj1BXaec6', 'London', 'I liek chicken', '2017-03-16 17:02:01', 3, '0');

-- --------------------------------------------------------

--
-- Table structure for table `usergroupmapping`
--

CREATE TABLE `usergroupmapping` (
  `GroupID` int(40) NOT NULL,
  `UserID` int(20) NOT NULL
) ENGINE=InnoDB DEFAULT CHARSET=utf8 ROW_FORMAT=COMPACT;

--
-- Dumping data for table `usergroupmapping`
--

INSERT INTO `usergroupmapping` (`GroupID`, `UserID`) VALUES
(21, 12399),
(31, 12399),
(51, 12399),
(53, 12399),
(21, 12400),
(31, 12400),
(41, 12400),
(51, 12400),
(21, 12401),
(31, 12401),
(21, 12402),
(31, 12402),
(51, 12402),
(51, 12404),
(51, 12405),
(53, 12405),
(53, 12412),
(51, 12416),
(51, 12420),
(53, 12420),
(51, 12422),
(51, 12427),
(51, 12428),
(51, 12429),
(51, 12430),
(51, 12438);

--
-- Indexes for dumped tables
--

--
-- Indexes for table `collections`
--
ALTER TABLE `collections`
  ADD PRIMARY KEY (`CollectionID`),
  ADD KEY `CollectionsOwnerConstraint` (`OwnerID`),
  ADD KEY `CollectionsGroupConstraint` (`GroupID`),
  ADD KEY `CollectionsPrivacyConstraint` (`SettingID`);

--
-- Indexes for table `comments`
--
ALTER TABLE `comments`
  ADD PRIMARY KEY (`CommentID`,`UserID`),
  ADD KEY `CommentsUserConstraint` (`UserID`),
  ADD KEY `CommentsPostConstraint` (`PostID`);

--
-- Indexes for table `friendrecommendations`
--
ALTER TABLE `friendrecommendations`
  ADD PRIMARY KEY (`UserID`),
  ADD KEY `Friend1Constraint` (`FriendID1`),
  ADD KEY `Friend2Constraint` (`FriendID2`),
  ADD KEY `Friend3Constraint` (`FriendID3`),
  ADD KEY `Friend4Constraint` (`FriendID4`),
  ADD KEY `Friend5Constraint` (`FriendID5`);

--
-- Indexes for table `friendrequests`
--
ALTER TABLE `friendrequests`
  ADD PRIMARY KEY (`UserID`,`FriendID`),
  ADD KEY `FriendConstraint` (`FriendID`);

--
-- Indexes for table `friends`
--
ALTER TABLE `friends`
  ADD PRIMARY KEY (`UserID`,`FriendID`),
  ADD KEY `FriendsFriendConstraint` (`FriendID`);

--
-- Indexes for table `groups`
--
ALTER TABLE `groups`
  ADD PRIMARY KEY (`GroupID`),
  ADD KEY `GroupsCreatorConstraint` (`CreatorID`);

--
-- Indexes for table `likes`
--
ALTER TABLE `likes`
  ADD PRIMARY KEY (`PostID`,`UserID`),
  ADD KEY `LikesUserConstraint` (`UserID`);

--
-- Indexes for table `messages`
--
ALTER TABLE `messages`
  ADD PRIMARY KEY (`MessageID`),
  ADD KEY `MessagesGroupConstraint` (`GroupID`),
  ADD KEY `MessagesUserConstraint` (`UserID`);

--
-- Indexes for table `photocollectionsmapping`
--
ALTER TABLE `photocollectionsmapping`
  ADD PRIMARY KEY (`CollectionID`,`PostID`),
  ADD KEY `PhotoCollectionsPostConstraint` (`PostID`);

--
-- Indexes for table `posts`
--
ALTER TABLE `posts`
  ADD PRIMARY KEY (`PostID`),
  ADD KEY `PostsUserConstraint` (`UserID`);

--
-- Indexes for table `privacysettings`
--
ALTER TABLE `privacysettings`
  ADD PRIMARY KEY (`SettingID`);

--
-- Indexes for table `tags`
--
ALTER TABLE `tags`
  ADD PRIMARY KEY (`TagID`),
  ADD UNIQUE KEY `TagName` (`TagName`);

--
-- Indexes for table `tagspostsmapping`
--
ALTER TABLE `tagspostsmapping`
  ADD PRIMARY KEY (`TagID`,`PostID`),
  ADD KEY `TagPostPostConstraint` (`PostID`);

--
-- Indexes for table `user`
--
ALTER TABLE `user`
  ADD PRIMARY KEY (`UserID`),
  ADD UNIQUE KEY `UserName` (`UserName`);

--
-- Indexes for table `usergroupmapping`
--
ALTER TABLE `usergroupmapping`
  ADD PRIMARY KEY (`GroupID`,`UserID`),
  ADD KEY `UserGroupUserConstraint` (`UserID`);

--
-- AUTO_INCREMENT for dumped tables
--

--
-- AUTO_INCREMENT for table `collections`
--
ALTER TABLE `collections`
  MODIFY `CollectionID` int(40) NOT NULL AUTO_INCREMENT, AUTO_INCREMENT=73;
--
-- AUTO_INCREMENT for table `comments`
--
ALTER TABLE `comments`
  MODIFY `CommentID` int(40) NOT NULL AUTO_INCREMENT, AUTO_INCREMENT=11537;
--
-- AUTO_INCREMENT for table `groups`
--
ALTER TABLE `groups`
  MODIFY `GroupID` int(40) NOT NULL AUTO_INCREMENT, AUTO_INCREMENT=54;
--
-- AUTO_INCREMENT for table `messages`
--
ALTER TABLE `messages`
  MODIFY `MessageID` int(40) NOT NULL AUTO_INCREMENT, AUTO_INCREMENT=207;
--
-- AUTO_INCREMENT for table `tags`
--
ALTER TABLE `tags`
  MODIFY `TagID` int(20) NOT NULL AUTO_INCREMENT, AUTO_INCREMENT=1485;
--
-- AUTO_INCREMENT for table `user`
--
ALTER TABLE `user`
  MODIFY `UserID` int(20) NOT NULL AUTO_INCREMENT, AUTO_INCREMENT=12514;
--
-- Constraints for dumped tables
--

--
-- Constraints for table `collections`
--
ALTER TABLE `collections`
  ADD CONSTRAINT `CollectionsGroupConstraint` FOREIGN KEY (`GroupID`) REFERENCES `groups` (`GroupID`),
  ADD CONSTRAINT `CollectionsOwnerConstraint` FOREIGN KEY (`OwnerID`) REFERENCES `user` (`UserID`),
  ADD CONSTRAINT `CollectionsPrivacyConstraint` FOREIGN KEY (`SettingID`) REFERENCES `privacysettings` (`SettingID`);

--
-- Constraints for table `comments`
--
ALTER TABLE `comments`
  ADD CONSTRAINT `CommentsPostConstraint` FOREIGN KEY (`PostID`) REFERENCES `posts` (`PostID`),
  ADD CONSTRAINT `CommentsUserConstraint` FOREIGN KEY (`UserID`) REFERENCES `user` (`UserID`);

--
-- Constraints for table `friendrecommendations`
--
ALTER TABLE `friendrecommendations`
  ADD CONSTRAINT `ForeignKeyConstraint` FOREIGN KEY (`UserID`) REFERENCES `user` (`UserID`),
  ADD CONSTRAINT `Friend1Constraint` FOREIGN KEY (`FriendID1`) REFERENCES `user` (`UserID`),
  ADD CONSTRAINT `Friend2Constraint` FOREIGN KEY (`FriendID2`) REFERENCES `user` (`UserID`),
  ADD CONSTRAINT `Friend3Constraint` FOREIGN KEY (`FriendID3`) REFERENCES `user` (`UserID`),
  ADD CONSTRAINT `Friend4Constraint` FOREIGN KEY (`FriendID4`) REFERENCES `user` (`UserID`),
  ADD CONSTRAINT `Friend5Constraint` FOREIGN KEY (`FriendID5`) REFERENCES `user` (`UserID`);

--
-- Constraints for table `friendrequests`
--
ALTER TABLE `friendrequests`
  ADD CONSTRAINT `FriendConstraint` FOREIGN KEY (`FriendID`) REFERENCES `user` (`UserID`),
  ADD CONSTRAINT `UserConstraint` FOREIGN KEY (`UserID`) REFERENCES `user` (`UserID`);

--
-- Constraints for table `friends`
--
ALTER TABLE `friends`
  ADD CONSTRAINT `FriendsFriendConstraint` FOREIGN KEY (`FriendID`) REFERENCES `user` (`UserID`),
  ADD CONSTRAINT `FriendsUserConstraint` FOREIGN KEY (`UserID`) REFERENCES `user` (`UserID`);

--
-- Constraints for table `groups`
--
ALTER TABLE `groups`
  ADD CONSTRAINT `GroupsCreatorConstraint` FOREIGN KEY (`CreatorID`) REFERENCES `user` (`UserID`);

--
-- Constraints for table `likes`
--
ALTER TABLE `likes`
  ADD CONSTRAINT `LikesPostConstraint` FOREIGN KEY (`PostID`) REFERENCES `posts` (`PostID`),
  ADD CONSTRAINT `LikesUserConstraint` FOREIGN KEY (`UserID`) REFERENCES `user` (`UserID`);

--
-- Constraints for table `messages`
--
ALTER TABLE `messages`
  ADD CONSTRAINT `MessagesGroupConstraint` FOREIGN KEY (`GroupID`) REFERENCES `groups` (`GroupID`),
  ADD CONSTRAINT `MessagesUserConstraint` FOREIGN KEY (`UserID`) REFERENCES `user` (`UserID`);

--
-- Constraints for table `photocollectionsmapping`
--
ALTER TABLE `photocollectionsmapping`
  ADD CONSTRAINT `PhotoCollectionsCollectionConstraint` FOREIGN KEY (`CollectionID`) REFERENCES `collections` (`CollectionID`),
  ADD CONSTRAINT `PhotoCollectionsPostConstraint` FOREIGN KEY (`PostID`) REFERENCES `posts` (`PostID`);

--
-- Constraints for table `posts`
--
ALTER TABLE `posts`
  ADD CONSTRAINT `PostsUserConstraint` FOREIGN KEY (`UserID`) REFERENCES `user` (`UserID`);

--
-- Constraints for table `tagspostsmapping`
--
ALTER TABLE `tagspostsmapping`
  ADD CONSTRAINT `TagPostPostConstraint` FOREIGN KEY (`PostID`) REFERENCES `posts` (`PostID`),
  ADD CONSTRAINT `TagPostTagConstraint` FOREIGN KEY (`TagID`) REFERENCES `tags` (`TagID`);

--
-- Constraints for table `usergroupmapping`
--
ALTER TABLE `usergroupmapping`
  ADD CONSTRAINT `UserGroupGroupConstraint` FOREIGN KEY (`GroupID`) REFERENCES `groups` (`GroupID`),
  ADD CONSTRAINT `UserGroupUserConstraint` FOREIGN KEY (`UserID`) REFERENCES `user` (`UserID`);
