-- phpMyAdmin SQL Dump
-- version 4.6.5.1
-- https://www.phpmyadmin.net/
--
-- Host: localhost:8889
-- Generation Time: Mar 06, 2017 at 07:05 PM
-- Server version: 5.6.34
-- PHP Version: 7.1.0

SET SQL_MODE = "NO_AUTO_VALUE_ON_ZERO";
SET time_zone = "+00:00";

--
-- Database: `Pano`
--

-- --------------------------------------------------------

--
-- Table structure for table `collections`
--

CREATE TABLE `collections` (
  `CollectionID` int(40) NOT NULL,
  `GroupID` int(20) DEFAULT NULL,
  `OwnerID` int(20) NOT NULL,
  `Caption` varchar(100) NOT NULL,
  `CreatedTime` timestamp NOT NULL DEFAULT CURRENT_TIMESTAMP,
  `SettingID` int(5) NOT NULL
) ENGINE=InnoDB DEFAULT CHARSET=utf8;

-- --------------------------------------------------------

--
-- Table structure for table `comments`
--

CREATE TABLE `comments` (
  `CommentID` int(40) NOT NULL,
  `UserID` int(20) NOT NULL,
  `PhotoID` int(40) NOT NULL,
  `Comment` text NOT NULL,
  `CommentTime` timestamp NOT NULL DEFAULT CURRENT_TIMESTAMP
) ENGINE=InnoDB DEFAULT CHARSET=utf8;

--
-- Dumping data for table `comments`
--

INSERT INTO `comments` (`CommentID`, `UserID`, `PhotoID`, `Comment`, `CommentTime`) VALUES
(11257, 12400, 11111, 'Sick photo bro', '2017-02-27 00:22:06'),
(11258, 12400, 11112, 'Lol at the ladys head', '2017-02-27 00:23:05'),
(11267, 12399, 11112, 'This looks like London to me, not Montreal!', '2017-02-27 11:27:09'),
(11278, 12399, 11112, 'You can tell because the walky-talky and cheese-grater buildings are on the right hand side!', '2017-02-27 11:44:26'),
(11281, 12402, 11112, 'Oh yeah it was actually in London', '2017-02-27 17:28:30'),
(11337, 12399, 11116, 'good old days', '2017-03-02 20:22:47'),
(11339, 12400, 11118, 'Awesome!', '2017-03-02 20:42:41'),
(11340, 12399, 11111, 'Nice sunset!', '2017-03-02 21:23:45'),
(11341, 12402, 11116, 'looks cold bro', '2017-03-02 21:46:03'),
(11342, 12402, 11113, 'Ive been here before!', '2017-03-02 21:46:29'),
(11343, 12401, 11123, 'Better run!', '2017-03-02 21:47:27'),
(11344, 12401, 11120, 'I could say it easily ;)', '2017-03-02 21:48:06'),
(11345, 12409, 11123, 'i could hide easily up in this vantage point...', '2017-03-03 20:03:10'),
(11346, 12409, 11120, 'i could hide in that mountain, and youd never know...', '2017-03-03 20:03:44');

-- --------------------------------------------------------

--
-- Table structure for table `friendrecommendations`
--

CREATE TABLE `friendrecommendations` (
  `UserID` int(20) NOT NULL,
  `FriendID1` int(20) DEFAULT NULL,
  `FriendID2` int(20) DEFAULT NULL,
  `FriendID3` int(20) DEFAULT NULL,
  `FriendID4` int(20) DEFAULT NULL,
  `FriendID5` int(20) DEFAULT NULL
) ENGINE=InnoDB DEFAULT CHARSET=utf8;

-- --------------------------------------------------------

--
-- Table structure for table `friendrequests`
--

CREATE TABLE `friendrequests` (
  `UserID` int(20) NOT NULL,
  `FriendID` int(20) NOT NULL,
  `Status` tinyint(1) NOT NULL DEFAULT '0'
) ENGINE=InnoDB DEFAULT CHARSET=utf8;

-- --------------------------------------------------------

--
-- Table structure for table `friends`
--

CREATE TABLE `friends` (
  `UserID` int(20) NOT NULL,
  `FriendID` int(20) NOT NULL
) ENGINE=InnoDB DEFAULT CHARSET=utf8;

--
-- Dumping data for table `friends`
--

INSERT INTO `friends` (`UserID`, `FriendID`) VALUES
(12400, 12399),
(12401, 12399),
(12402, 12399),
(12404, 12399),
(12405, 12399),
(12406, 12399),
(12407, 12399),
(12410, 12399),
(12412, 12399),
(12414, 12399),
(12419, 12399),
(12420, 12399),
(12422, 12399),
(12423, 12399),
(12424, 12399),
(12427, 12399),
(12428, 12399),
(12429, 12399),
(12430, 12399),
(12436, 12399),
(12438, 12399),
(12399, 12400),
(12401, 12400),
(12402, 12400),
(12403, 12400),
(12405, 12400),
(12406, 12400),
(12407, 12400),
(12409, 12400),
(12413, 12400),
(12414, 12400),
(12416, 12400),
(12419, 12400),
(12420, 12400),
(12423, 12400),
(12426, 12400),
(12427, 12400),
(12428, 12400),
(12431, 12400),
(12433, 12400),
(12435, 12400),
(12436, 12400),
(12437, 12400),
(12440, 12400),
(12399, 12401),
(12400, 12401),
(12402, 12401),
(12403, 12401),
(12405, 12401),
(12407, 12401),
(12408, 12401),
(12409, 12401),
(12412, 12401),
(12417, 12401),
(12420, 12401),
(12424, 12401),
(12425, 12401),
(12426, 12401),
(12432, 12401),
(12438, 12401),
(12439, 12401),
(12399, 12402),
(12400, 12402),
(12401, 12402),
(12404, 12402),
(12405, 12402),
(12407, 12402),
(12408, 12402),
(12409, 12402),
(12411, 12402),
(12412, 12402),
(12415, 12402),
(12416, 12402),
(12418, 12402),
(12421, 12402),
(12423, 12402),
(12424, 12402),
(12425, 12402),
(12427, 12402),
(12429, 12402),
(12430, 12402),
(12431, 12402),
(12432, 12402),
(12433, 12402),
(12434, 12402),
(12435, 12402),
(12400, 12403),
(12401, 12403),
(12404, 12403),
(12405, 12403),
(12406, 12403),
(12407, 12403),
(12408, 12403),
(12412, 12403),
(12413, 12403),
(12416, 12403),
(12418, 12403),
(12419, 12403),
(12420, 12403),
(12424, 12403),
(12425, 12403),
(12428, 12403),
(12430, 12403),
(12432, 12403),
(12433, 12403),
(12399, 12404),
(12402, 12404),
(12403, 12404),
(12405, 12404),
(12406, 12404),
(12407, 12404),
(12408, 12404),
(12409, 12404),
(12410, 12404),
(12411, 12404),
(12412, 12404),
(12413, 12404),
(12414, 12404),
(12417, 12404),
(12418, 12404),
(12421, 12404),
(12423, 12404),
(12424, 12404),
(12425, 12404),
(12428, 12404),
(12430, 12404),
(12433, 12404),
(12434, 12404),
(12438, 12404),
(12399, 12405),
(12400, 12405),
(12401, 12405),
(12402, 12405),
(12403, 12405),
(12404, 12405),
(12406, 12405),
(12408, 12405),
(12410, 12405),
(12414, 12405),
(12416, 12405),
(12417, 12405),
(12419, 12405),
(12421, 12405),
(12422, 12405),
(12424, 12405),
(12430, 12405),
(12432, 12405),
(12435, 12405),
(12439, 12405),
(12399, 12406),
(12400, 12406),
(12403, 12406),
(12404, 12406),
(12405, 12406),
(12407, 12406),
(12409, 12406),
(12410, 12406),
(12411, 12406),
(12412, 12406),
(12413, 12406),
(12415, 12406),
(12416, 12406),
(12417, 12406),
(12420, 12406),
(12422, 12406),
(12424, 12406),
(12427, 12406),
(12428, 12406),
(12429, 12406),
(12430, 12406),
(12433, 12406),
(12437, 12406),
(12439, 12406),
(12440, 12406),
(12399, 12407),
(12400, 12407),
(12401, 12407),
(12402, 12407),
(12403, 12407),
(12404, 12407),
(12406, 12407),
(12409, 12407),
(12411, 12407),
(12414, 12407),
(12415, 12407),
(12416, 12407),
(12420, 12407),
(12421, 12407),
(12424, 12407),
(12427, 12407),
(12428, 12407),
(12429, 12407),
(12431, 12407),
(12432, 12407),
(12434, 12407),
(12437, 12407),
(12438, 12407),
(12440, 12407),
(12401, 12408),
(12402, 12408),
(12403, 12408),
(12404, 12408),
(12405, 12408),
(12410, 12408),
(12411, 12408),
(12412, 12408),
(12413, 12408),
(12414, 12408),
(12415, 12408),
(12416, 12408),
(12420, 12408),
(12421, 12408),
(12422, 12408),
(12423, 12408),
(12424, 12408),
(12425, 12408),
(12426, 12408),
(12427, 12408),
(12430, 12408),
(12431, 12408),
(12433, 12408),
(12434, 12408),
(12400, 12409),
(12401, 12409),
(12402, 12409),
(12404, 12409),
(12406, 12409),
(12407, 12409),
(12410, 12409),
(12411, 12409),
(12412, 12409),
(12413, 12409),
(12414, 12409),
(12415, 12409),
(12417, 12409),
(12419, 12409),
(12420, 12409),
(12421, 12409),
(12422, 12409),
(12423, 12409),
(12424, 12409),
(12426, 12409),
(12428, 12409),
(12429, 12409),
(12431, 12409),
(12433, 12409),
(12434, 12409),
(12437, 12409),
(12399, 12410),
(12404, 12410),
(12405, 12410),
(12406, 12410),
(12408, 12410),
(12409, 12410),
(12412, 12410),
(12417, 12410),
(12418, 12410),
(12419, 12410),
(12421, 12410),
(12428, 12410),
(12430, 12410),
(12432, 12410),
(12434, 12410),
(12435, 12410),
(12440, 12410),
(12402, 12411),
(12404, 12411),
(12406, 12411),
(12407, 12411),
(12408, 12411),
(12409, 12411),
(12413, 12411),
(12415, 12411),
(12417, 12411),
(12418, 12411),
(12419, 12411),
(12421, 12411),
(12424, 12411),
(12425, 12411),
(12430, 12411),
(12432, 12411),
(12433, 12411),
(12434, 12411),
(12435, 12411),
(12437, 12411),
(12440, 12411),
(12399, 12412),
(12401, 12412),
(12402, 12412),
(12403, 12412),
(12404, 12412),
(12406, 12412),
(12408, 12412),
(12409, 12412),
(12410, 12412),
(12414, 12412),
(12416, 12412),
(12417, 12412),
(12418, 12412),
(12419, 12412),
(12420, 12412),
(12421, 12412),
(12422, 12412),
(12425, 12412),
(12426, 12412),
(12427, 12412),
(12429, 12412),
(12437, 12412),
(12440, 12412),
(12400, 12413),
(12403, 12413),
(12404, 12413),
(12406, 12413),
(12408, 12413),
(12409, 12413),
(12411, 12413),
(12415, 12413),
(12417, 12413),
(12418, 12413),
(12420, 12413),
(12422, 12413),
(12423, 12413),
(12426, 12413),
(12428, 12413),
(12430, 12413),
(12431, 12413),
(12432, 12413),
(12434, 12413),
(12437, 12413),
(12439, 12413),
(12399, 12414),
(12400, 12414),
(12404, 12414),
(12405, 12414),
(12407, 12414),
(12408, 12414),
(12409, 12414),
(12412, 12414),
(12416, 12414),
(12418, 12414),
(12420, 12414),
(12424, 12414),
(12426, 12414),
(12429, 12414),
(12430, 12414),
(12431, 12414),
(12432, 12414),
(12433, 12414),
(12434, 12414),
(12435, 12414),
(12436, 12414),
(12402, 12415),
(12406, 12415),
(12407, 12415),
(12408, 12415),
(12409, 12415),
(12411, 12415),
(12413, 12415),
(12416, 12415),
(12418, 12415),
(12421, 12415),
(12424, 12415),
(12427, 12415),
(12431, 12415),
(12432, 12415),
(12433, 12415),
(12435, 12415),
(12437, 12415),
(12400, 12416),
(12402, 12416),
(12403, 12416),
(12405, 12416),
(12406, 12416),
(12407, 12416),
(12408, 12416),
(12412, 12416),
(12414, 12416),
(12415, 12416),
(12417, 12416),
(12420, 12416),
(12421, 12416),
(12422, 12416),
(12423, 12416),
(12424, 12416),
(12425, 12416),
(12426, 12416),
(12427, 12416),
(12428, 12416),
(12429, 12416),
(12430, 12416),
(12431, 12416),
(12433, 12416),
(12434, 12416),
(12437, 12416),
(12401, 12417),
(12404, 12417),
(12405, 12417),
(12406, 12417),
(12409, 12417),
(12410, 12417),
(12411, 12417),
(12412, 12417),
(12413, 12417),
(12416, 12417),
(12420, 12417),
(12421, 12417),
(12422, 12417),
(12424, 12417),
(12427, 12417),
(12429, 12417),
(12430, 12417),
(12432, 12417),
(12433, 12417),
(12435, 12417),
(12437, 12417),
(12439, 12417),
(12402, 12418),
(12403, 12418),
(12404, 12418),
(12410, 12418),
(12411, 12418),
(12412, 12418),
(12413, 12418),
(12414, 12418),
(12415, 12418),
(12420, 12418),
(12421, 12418),
(12423, 12418),
(12424, 12418),
(12426, 12418),
(12427, 12418),
(12428, 12418),
(12429, 12418),
(12431, 12418),
(12434, 12418),
(12437, 12418),
(12399, 12419),
(12400, 12419),
(12403, 12419),
(12405, 12419),
(12409, 12419),
(12410, 12419),
(12411, 12419),
(12412, 12419),
(12420, 12419),
(12423, 12419),
(12424, 12419),
(12426, 12419),
(12428, 12419),
(12429, 12419),
(12431, 12419),
(12433, 12419),
(12434, 12419),
(12435, 12419),
(12436, 12419),
(12437, 12419),
(12399, 12420),
(12400, 12420),
(12401, 12420),
(12403, 12420),
(12406, 12420),
(12407, 12420),
(12408, 12420),
(12409, 12420),
(12412, 12420),
(12413, 12420),
(12414, 12420),
(12416, 12420),
(12417, 12420),
(12418, 12420),
(12419, 12420),
(12421, 12420),
(12422, 12420),
(12426, 12420),
(12429, 12420),
(12430, 12420),
(12431, 12420),
(12437, 12420),
(12402, 12421),
(12404, 12421),
(12405, 12421),
(12407, 12421),
(12408, 12421),
(12409, 12421),
(12410, 12421),
(12411, 12421),
(12412, 12421),
(12415, 12421),
(12416, 12421),
(12417, 12421),
(12418, 12421),
(12420, 12421),
(12422, 12421),
(12423, 12421),
(12424, 12421),
(12425, 12421),
(12428, 12421),
(12430, 12421),
(12431, 12421),
(12432, 12421),
(12433, 12421),
(12434, 12421),
(12436, 12421),
(12437, 12421),
(12438, 12421),
(12399, 12422),
(12405, 12422),
(12406, 12422),
(12408, 12422),
(12409, 12422),
(12412, 12422),
(12413, 12422),
(12416, 12422),
(12417, 12422),
(12420, 12422),
(12421, 12422),
(12425, 12422),
(12428, 12422),
(12429, 12422),
(12430, 12422),
(12432, 12422),
(12433, 12422),
(12434, 12422),
(12437, 12422),
(12399, 12423),
(12400, 12423),
(12402, 12423),
(12404, 12423),
(12408, 12423),
(12409, 12423),
(12413, 12423),
(12416, 12423),
(12418, 12423),
(12419, 12423),
(12421, 12423),
(12425, 12423),
(12426, 12423),
(12429, 12423),
(12431, 12423),
(12432, 12423),
(12433, 12423),
(12435, 12423),
(12399, 12424),
(12401, 12424),
(12402, 12424),
(12403, 12424),
(12404, 12424),
(12405, 12424),
(12406, 12424),
(12407, 12424),
(12408, 12424),
(12409, 12424),
(12411, 12424),
(12414, 12424),
(12415, 12424),
(12416, 12424),
(12417, 12424),
(12418, 12424),
(12419, 12424),
(12421, 12424),
(12427, 12424),
(12428, 12424),
(12429, 12424),
(12430, 12424),
(12432, 12424),
(12433, 12424),
(12438, 12424),
(12401, 12425),
(12402, 12425),
(12403, 12425),
(12404, 12425),
(12408, 12425),
(12411, 12425),
(12412, 12425),
(12416, 12425),
(12421, 12425),
(12422, 12425),
(12423, 12425),
(12430, 12425),
(12431, 12425),
(12432, 12425),
(12434, 12425),
(12438, 12425),
(12400, 12426),
(12401, 12426),
(12408, 12426),
(12409, 12426),
(12412, 12426),
(12413, 12426),
(12414, 12426),
(12416, 12426),
(12418, 12426),
(12419, 12426),
(12420, 12426),
(12423, 12426),
(12427, 12426),
(12428, 12426),
(12429, 12426),
(12430, 12426),
(12434, 12426),
(12435, 12426),
(12436, 12426),
(12399, 12427),
(12400, 12427),
(12402, 12427),
(12406, 12427),
(12407, 12427),
(12408, 12427),
(12412, 12427),
(12415, 12427),
(12416, 12427),
(12417, 12427),
(12418, 12427),
(12424, 12427),
(12426, 12427),
(12428, 12427),
(12429, 12427),
(12431, 12427),
(12432, 12427),
(12436, 12427),
(12438, 12427),
(12439, 12427),
(12399, 12428),
(12400, 12428),
(12403, 12428),
(12404, 12428),
(12406, 12428),
(12407, 12428),
(12409, 12428),
(12410, 12428),
(12413, 12428),
(12416, 12428),
(12418, 12428),
(12419, 12428),
(12421, 12428),
(12422, 12428),
(12424, 12428),
(12426, 12428),
(12427, 12428),
(12430, 12428),
(12431, 12428),
(12432, 12428),
(12434, 12428),
(12436, 12428),
(12399, 12429),
(12402, 12429),
(12406, 12429),
(12407, 12429),
(12409, 12429),
(12412, 12429),
(12414, 12429),
(12416, 12429),
(12417, 12429),
(12418, 12429),
(12419, 12429),
(12420, 12429),
(12422, 12429),
(12423, 12429),
(12424, 12429),
(12426, 12429),
(12427, 12429),
(12430, 12429),
(12432, 12429),
(12433, 12429),
(12436, 12429),
(12437, 12429),
(12399, 12430),
(12402, 12430),
(12403, 12430),
(12404, 12430),
(12405, 12430),
(12406, 12430),
(12408, 12430),
(12410, 12430),
(12411, 12430),
(12413, 12430),
(12414, 12430),
(12416, 12430),
(12417, 12430),
(12420, 12430),
(12421, 12430),
(12422, 12430),
(12424, 12430),
(12425, 12430),
(12426, 12430),
(12428, 12430),
(12429, 12430),
(12431, 12430),
(12432, 12430),
(12434, 12430),
(12436, 12430),
(12437, 12430),
(12439, 12430),
(12400, 12431),
(12402, 12431),
(12407, 12431),
(12408, 12431),
(12409, 12431),
(12413, 12431),
(12414, 12431),
(12415, 12431),
(12416, 12431),
(12418, 12431),
(12419, 12431),
(12420, 12431),
(12421, 12431),
(12423, 12431),
(12425, 12431),
(12427, 12431),
(12428, 12431),
(12430, 12431),
(12433, 12431),
(12435, 12431),
(12436, 12431),
(12437, 12431),
(12440, 12431),
(12401, 12432),
(12402, 12432),
(12403, 12432),
(12405, 12432),
(12407, 12432),
(12410, 12432),
(12411, 12432),
(12413, 12432),
(12414, 12432),
(12415, 12432),
(12417, 12432),
(12421, 12432),
(12422, 12432),
(12423, 12432),
(12424, 12432),
(12425, 12432),
(12427, 12432),
(12428, 12432),
(12429, 12432),
(12430, 12432),
(12433, 12432),
(12400, 12433),
(12402, 12433),
(12403, 12433),
(12404, 12433),
(12406, 12433),
(12408, 12433),
(12409, 12433),
(12411, 12433),
(12414, 12433),
(12415, 12433),
(12416, 12433),
(12417, 12433),
(12419, 12433),
(12421, 12433),
(12422, 12433),
(12423, 12433),
(12424, 12433),
(12429, 12433),
(12431, 12433),
(12432, 12433),
(12435, 12433),
(12436, 12433),
(12437, 12433),
(12402, 12434),
(12404, 12434),
(12407, 12434),
(12408, 12434),
(12409, 12434),
(12410, 12434),
(12411, 12434),
(12413, 12434),
(12414, 12434),
(12416, 12434),
(12418, 12434),
(12419, 12434),
(12421, 12434),
(12422, 12434),
(12425, 12434),
(12426, 12434),
(12428, 12434),
(12430, 12434),
(12435, 12434),
(12400, 12435),
(12402, 12435),
(12405, 12435),
(12410, 12435),
(12411, 12435),
(12414, 12435),
(12415, 12435),
(12417, 12435),
(12419, 12435),
(12423, 12435),
(12426, 12435),
(12431, 12435),
(12433, 12435),
(12434, 12435),
(12399, 12436),
(12400, 12436),
(12414, 12436),
(12419, 12436),
(12421, 12436),
(12426, 12436),
(12427, 12436),
(12428, 12436),
(12429, 12436),
(12430, 12436),
(12431, 12436),
(12433, 12436),
(12400, 12437),
(12406, 12437),
(12407, 12437),
(12409, 12437),
(12411, 12437),
(12412, 12437),
(12413, 12437),
(12415, 12437),
(12416, 12437),
(12417, 12437),
(12418, 12437),
(12419, 12437),
(12420, 12437),
(12421, 12437),
(12422, 12437),
(12429, 12437),
(12430, 12437),
(12431, 12437),
(12433, 12437),
(12399, 12438),
(12401, 12438),
(12404, 12438),
(12407, 12438),
(12421, 12438),
(12424, 12438),
(12425, 12438),
(12427, 12438),
(12401, 12439),
(12405, 12439),
(12406, 12439),
(12413, 12439),
(12417, 12439),
(12427, 12439),
(12430, 12439),
(12400, 12440),
(12406, 12440),
(12407, 12440),
(12410, 12440),
(12411, 12440),
(12412, 12440),
(12431, 12440);

-- --------------------------------------------------------

--
-- Table structure for table `groups`
--

CREATE TABLE `groups` (
  `GroupID` int(40) NOT NULL,
  `GroupName` varchar(50) NOT NULL,
  `CreatorID` int(20) NOT NULL COMMENT 'Needs to be changed before a user gets deleted!!',
  `PhotoID` int(40) NOT NULL,
  `ShortDescrip` varchar(150) NOT NULL,
  `CreatedTime` timestamp NOT NULL DEFAULT CURRENT_TIMESTAMP ON UPDATE CURRENT_TIMESTAMP
) ENGINE=InnoDB DEFAULT CHARSET=utf8;

-- --------------------------------------------------------

--
-- Table structure for table `likes`
--

CREATE TABLE `likes` (
  `PhotoID` int(40) NOT NULL,
  `UserID` int(20) NOT NULL
) ENGINE=InnoDB DEFAULT CHARSET=utf8;

--
-- Dumping data for table `likes`
--

INSERT INTO `likes` (`PhotoID`, `UserID`) VALUES
(11111, 12399),
(11112, 12399),
(11124, 12399),
(11125, 12399),
(11126, 12399),
(11127, 12399),
(11128, 12399),
(11129, 12399),
(11130, 12399),
(11131, 12399),
(11132, 12399),
(11133, 12399),
(11134, 12399),
(11135, 12399),
(11141, 12399),
(11111, 12400),
(11112, 12400),
(11121, 12400),
(11123, 12400),
(11125, 12400),
(11126, 12400),
(11131, 12400),
(11133, 12400),
(11140, 12400),
(11141, 12400),
(11111, 12401),
(11112, 12401),
(11113, 12401),
(11114, 12401),
(11115, 12401),
(11116, 12401),
(11117, 12401),
(11118, 12401),
(11119, 12401),
(11123, 12401),
(11124, 12401),
(11131, 12401),
(11140, 12401),
(11141, 12401),
(11111, 12402),
(11112, 12402),
(11114, 12402),
(11116, 12402),
(11117, 12402),
(11118, 12402),
(11119, 12402),
(11120, 12402),
(11121, 12402),
(11122, 12402),
(11123, 12402),
(11124, 12402),
(11127, 12402),
(11128, 12402),
(11134, 12402),
(11136, 12402),
(11137, 12402),
(11138, 12402),
(11139, 12402),
(11111, 12403),
(11116, 12403),
(11117, 12403),
(11118, 12403),
(11124, 12403),
(11125, 12403),
(11127, 12403),
(11128, 12403),
(11133, 12403),
(11134, 12403),
(11140, 12403),
(11141, 12403),
(11112, 12404),
(11113, 12404),
(11114, 12404),
(11115, 12404),
(11116, 12404),
(11117, 12404),
(11118, 12404),
(11119, 12404),
(11120, 12404),
(11121, 12404),
(11122, 12404),
(11123, 12404),
(11124, 12404),
(11127, 12404),
(11128, 12404),
(11131, 12404),
(11132, 12404),
(11133, 12404),
(11134, 12404),
(11139, 12404),
(11111, 12405),
(11112, 12405),
(11113, 12405),
(11114, 12405),
(11115, 12405),
(11116, 12405),
(11117, 12405),
(11121, 12405),
(11123, 12405),
(11125, 12405),
(11126, 12405),
(11130, 12405),
(11134, 12405),
(11135, 12405),
(11138, 12405),
(11139, 12405),
(11140, 12405),
(11141, 12405),
(11111, 12406),
(11112, 12406),
(11113, 12406),
(11114, 12406),
(11117, 12406),
(11118, 12406),
(11119, 12406),
(11120, 12406),
(11122, 12406),
(11123, 12406),
(11125, 12406),
(11127, 12406),
(11128, 12406),
(11131, 12406),
(11133, 12406),
(11134, 12406),
(11140, 12406),
(11141, 12406),
(11113, 12407),
(11114, 12407),
(11115, 12407),
(11116, 12407),
(11117, 12407),
(11118, 12407),
(11119, 12407),
(11121, 12407),
(11122, 12407),
(11124, 12407),
(11126, 12407),
(11127, 12407),
(11129, 12407),
(11130, 12407),
(11131, 12407),
(11132, 12407),
(11138, 12407),
(11139, 12407),
(11141, 12407),
(11112, 12408),
(11113, 12408),
(11114, 12408),
(11115, 12408),
(11116, 12408),
(11117, 12408),
(11118, 12408),
(11119, 12408),
(11120, 12408),
(11121, 12408),
(11122, 12408),
(11123, 12408),
(11124, 12408),
(11125, 12408),
(11126, 12408),
(11127, 12408),
(11129, 12408),
(11133, 12408),
(11134, 12408),
(11135, 12408),
(11137, 12408),
(11138, 12408),
(11141, 12408),
(11112, 12409),
(11113, 12409),
(11118, 12409),
(11119, 12409),
(11120, 12409),
(11121, 12409),
(11122, 12409),
(11123, 12409),
(11126, 12409),
(11138, 12409),
(11140, 12409),
(11111, 12410),
(11113, 12410),
(11115, 12410),
(11117, 12410),
(11118, 12410),
(11119, 12410),
(11124, 12410),
(11127, 12410),
(11128, 12410),
(11130, 12410),
(11132, 12410),
(11136, 12410),
(11140, 12410),
(11111, 12411),
(11113, 12411),
(11114, 12411),
(11115, 12411),
(11116, 12411),
(11118, 12411),
(11119, 12411),
(11120, 12411),
(11122, 12411),
(11125, 12411),
(11131, 12411),
(11136, 12411),
(11138, 12411),
(11141, 12411),
(11112, 12412),
(11116, 12412),
(11118, 12412),
(11120, 12412),
(11121, 12412),
(11122, 12412),
(11123, 12412),
(11124, 12412),
(11126, 12412),
(11128, 12412),
(11129, 12412),
(11130, 12412),
(11131, 12412),
(11132, 12412),
(11135, 12412),
(11111, 12413),
(11115, 12413),
(11116, 12413),
(11117, 12413),
(11125, 12413),
(11126, 12413),
(11130, 12413),
(11133, 12413),
(11135, 12413),
(11138, 12413),
(11139, 12413),
(11140, 12413),
(11141, 12413),
(11112, 12414),
(11117, 12414),
(11118, 12414),
(11121, 12414),
(11124, 12414),
(11126, 12414),
(11128, 12414),
(11129, 12414),
(11130, 12414),
(11132, 12414),
(11134, 12414),
(11135, 12414),
(11136, 12414),
(11139, 12414),
(11112, 12415),
(11119, 12415),
(11120, 12415),
(11122, 12415),
(11125, 12415),
(11127, 12415),
(11130, 12415),
(11132, 12415),
(11134, 12415),
(11135, 12415),
(11111, 12416),
(11117, 12416),
(11118, 12416),
(11119, 12416),
(11120, 12416),
(11121, 12416),
(11123, 12416),
(11127, 12416),
(11129, 12416),
(11137, 12416),
(11138, 12416),
(11111, 12417),
(11112, 12417),
(11114, 12417),
(11124, 12417),
(11135, 12417),
(11136, 12417),
(11139, 12417),
(11140, 12417),
(11141, 12417),
(11116, 12418),
(11117, 12418),
(11119, 12418),
(11124, 12418),
(11126, 12418),
(11127, 12418),
(11128, 12418),
(11134, 12418),
(11135, 12418),
(11138, 12418),
(11140, 12418),
(11111, 12419),
(11112, 12419),
(11113, 12419),
(11116, 12419),
(11119, 12419),
(11120, 12419),
(11122, 12419),
(11123, 12419),
(11126, 12419),
(11130, 12419),
(11133, 12419),
(11134, 12419),
(11135, 12419),
(11136, 12419),
(11138, 12419),
(11139, 12419),
(11140, 12419),
(11141, 12419),
(11111, 12420),
(11112, 12420),
(11113, 12420),
(11115, 12420),
(11117, 12420),
(11123, 12420),
(11125, 12420),
(11128, 12420),
(11132, 12420),
(11133, 12420),
(11136, 12420),
(11138, 12420),
(11140, 12420),
(11112, 12421),
(11118, 12421),
(11120, 12421),
(11121, 12421),
(11122, 12421),
(11124, 12421),
(11126, 12421),
(11128, 12421),
(11129, 12421),
(11133, 12421),
(11135, 12421),
(11136, 12421),
(11140, 12421),
(11111, 12422),
(11115, 12422),
(11122, 12422),
(11124, 12422),
(11127, 12422),
(11130, 12422),
(11136, 12422),
(11137, 12422),
(11138, 12422),
(11140, 12422),
(11141, 12422),
(11111, 12423),
(11113, 12423),
(11114, 12423),
(11115, 12423),
(11116, 12423),
(11117, 12423),
(11119, 12423),
(11120, 12423),
(11121, 12423),
(11127, 12423),
(11128, 12423),
(11130, 12423),
(11132, 12423),
(11134, 12423),
(11138, 12423),
(11112, 12424),
(11114, 12424),
(11117, 12424),
(11120, 12424),
(11121, 12424),
(11122, 12424),
(11123, 12424),
(11125, 12424),
(11141, 12424),
(11112, 12425),
(11115, 12425),
(11119, 12425),
(11127, 12425),
(11131, 12425),
(11132, 12425),
(11133, 12425),
(11114, 12426),
(11118, 12426),
(11119, 12426),
(11120, 12426),
(11122, 12426),
(11126, 12426),
(11129, 12426),
(11130, 12426),
(11133, 12426),
(11135, 12426),
(11139, 12426),
(11114, 12427),
(11117, 12427),
(11119, 12427),
(11120, 12427),
(11121, 12427),
(11123, 12427),
(11124, 12427),
(11128, 12427),
(11131, 12427),
(11135, 12427),
(11137, 12427),
(11139, 12427),
(11140, 12427),
(11115, 12428),
(11117, 12428),
(11120, 12428),
(11122, 12428),
(11124, 12428),
(11130, 12428),
(11131, 12428),
(11133, 12428),
(11136, 12428),
(11141, 12428),
(11113, 12429),
(11126, 12429),
(11127, 12429),
(11128, 12429),
(11136, 12429),
(11137, 12429),
(11140, 12429),
(11111, 12430),
(11114, 12430),
(11115, 12430),
(11117, 12430),
(11118, 12430),
(11120, 12430),
(11122, 12430),
(11124, 12430),
(11125, 12430),
(11127, 12430),
(11129, 12430),
(11130, 12430),
(11132, 12430),
(11135, 12430),
(11137, 12430),
(11140, 12430),
(11141, 12430),
(11114, 12431),
(11116, 12431),
(11119, 12431),
(11122, 12431),
(11127, 12431),
(11130, 12431),
(11139, 12431),
(11140, 12431),
(11111, 12432),
(11112, 12432),
(11114, 12432),
(11115, 12432),
(11117, 12432),
(11122, 12432),
(11129, 12432),
(11136, 12432),
(11137, 12432),
(11138, 12432),
(11139, 12432),
(11140, 12432),
(11111, 12433),
(11112, 12433),
(11116, 12433),
(11123, 12433),
(11128, 12433),
(11138, 12433),
(11115, 12434),
(11120, 12434),
(11121, 12434),
(11124, 12434),
(11126, 12434),
(11132, 12434),
(11139, 12434),
(11141, 12434),
(11112, 12435),
(11114, 12435),
(11122, 12435),
(11125, 12435),
(11130, 12435),
(11136, 12435),
(11114, 12436),
(11116, 12436),
(11117, 12436),
(11118, 12436),
(11119, 12436),
(11121, 12436),
(11122, 12436),
(11125, 12436),
(11126, 12436),
(11128, 12436),
(11112, 12437),
(11116, 12437),
(11125, 12437),
(11128, 12437),
(11129, 12437),
(11133, 12437),
(11138, 12437),
(11141, 12437),
(11134, 12438),
(11138, 12438),
(11111, 12439),
(11115, 12439),
(11121, 12439),
(11125, 12439),
(11127, 12439),
(11116, 12440),
(11124, 12440);

-- --------------------------------------------------------

--
-- Table structure for table `messages`
--

CREATE TABLE `messages` (
  `MessageID` int(40) NOT NULL,
  `GroupID` int(40) NOT NULL,
  `UserID` int(20) NOT NULL,
  `Content` longtext NOT NULL,
  `MessageTime` timestamp NOT NULL DEFAULT CURRENT_TIMESTAMP
) ENGINE=InnoDB DEFAULT CHARSET=utf8;

-- --------------------------------------------------------

--
-- Table structure for table `photocollections mapping`
--

CREATE TABLE `photocollections mapping` (
  `CollectionID` int(40) NOT NULL,
  `PhotoID` int(40) NOT NULL
) ENGINE=InnoDB DEFAULT CHARSET=utf8;

-- --------------------------------------------------------

--
-- Table structure for table `photos`
--

CREATE TABLE `photos` (
  `PhotoID` int(40) NOT NULL,
  `LinkToFile` varchar(200) NOT NULL
) ENGINE=InnoDB DEFAULT CHARSET=utf8;

--
-- Dumping data for table `photos`
--

INSERT INTO `photos` (`PhotoID`, `LinkToFile`) VALUES
(11111, 'IMG_8937'),
(11112, ''),
(11113, '11113'),
(11114, '11114'),
(11115, '11115'),
(11116, '11116'),
(11117, '11117'),
(11118, '11118'),
(11119, ''),
(11120, ''),
(11121, ''),
(11122, ''),
(11123, ''),
(11124, ''),
(11125, ''),
(11126, ''),
(11127, ''),
(11128, ''),
(11129, ''),
(11130, ''),
(11131, ''),
(11132, ''),
(11133, ''),
(11134, ''),
(11135, ''),
(11136, ''),
(11137, ''),
(11138, ''),
(11139, ''),
(11140, ''),
(11141, '');

-- --------------------------------------------------------

--
-- Table structure for table `posts`
--

CREATE TABLE `posts` (
  `PostID` int(40) NOT NULL,
  `UserID` int(20) NOT NULL,
  `PhotoID` int(40) NOT NULL,
  `PostText` text NOT NULL,
  `PostTime` timestamp NOT NULL DEFAULT CURRENT_TIMESTAMP,
  `PostLocation` varchar(150) NOT NULL
) ENGINE=InnoDB DEFAULT CHARSET=utf8;

--
-- Dumping data for table `posts`
--

INSERT INTO `posts` (`PostID`, `UserID`, `PhotoID`, `PostText`, `PostTime`, `PostLocation`) VALUES
(11111, 12400, 11111, '#bestintheworld', '2017-03-04 18:28:54', 'Bergen, Austria'),
(11112, 12402, 11112, 'Awesome experience!', '2017-03-04 12:04:56', 'Montreal, Canada'),
(11113, 12399, 11113, '#OldTrafford #ManUtd', '2017-03-04 12:26:23', 'Manchester, England'),
(11114, 12399, 11114, 'Beautiful #Bali #Volcano #Lake', '2017-03-01 19:33:27', 'Bali, Indonesia'),
(11115, 12399, 11115, 'Niagara Falls!', '2017-03-01 19:36:06', 'Niagara Falls, USA/Canada'),
(11116, 12399, 11116, 'Really cold in #Montreal!', '2017-03-01 19:36:06', 'Montreal, Canada'),
(11117, 12399, 11117, 'Sydney Harbour!', '2017-03-01 19:37:03', 'Sydney, Australia'),
(11118, 12399, 11118, 'So natural! #Glacier #Iceland', '2017-03-04 17:38:23', 'Iceland'),
(11119, 12399, 11119, 'Toronto in Winter #sunset', '2017-03-02 21:29:08', 'Toronto, Canada'),
(11120, 12399, 11120, 'Eyjafjallajokull #Iceland #tryandsayit', '2017-03-02 21:40:07', 'Eyjafjallajokull, Iceland'),
(11121, 12399, 11121, 'Malaysian sunset', '2017-03-02 21:41:30', 'Malaysia'),
(11122, 12399, 11122, '#nara #weclimbedamountain', '2017-03-02 21:41:30', 'Nara, Japan'),
(11123, 12399, 11123, 'Singaporean thunderstorm approaching #needtofindshelter', '2017-03-02 21:42:25', 'Pulau Ubin, Singapore'),
(11124, 12403, 11124, 'Sydney at Night', '2017-03-04 16:57:28', 'Sydney, Australia'),
(11125, 12404, 11125, 'Swiss Beauty', '2017-03-04 16:58:32', 'Bern, Switzerland'),
(11126, 12408, 11126, 'Dirt track or snow mountain?', '2017-03-03 16:59:46', 'Snowy Mountains, Australia'),
(11127, 12409, 11127, '#averageday', '2017-03-04 17:01:01', 'Moscow, Russia'),
(11128, 12406, 11128, 'Icelandic waterfall', '2017-03-04 17:08:55', 'Iceland'),
(11130, 12410, 11129, 'North Korea is beautiful... #pyongyang', '2017-03-04 17:10:45', 'Pyongyang, North Korea'),
(11131, 12412, 11130, 'Biarritz', '2017-03-01 17:12:11', 'Biarritz, France'),
(11132, 12413, 11131, '#TrafalgarSquare #London #pigeonseverywhere', '2017-03-04 17:15:36', 'London, England'),
(11133, 12408, 11132, '#NYC #skyline #beautiful', '2017-03-01 17:17:24', 'New York City, USA'),
(11134, 12402, 11133, '#SonyCentre #Berlin', '2017-03-04 17:20:23', 'Berlin, Germany'),
(11135, 12407, 11134, '#phoenix #arizona #sunset', '2017-03-02 17:22:19', 'Phoenix, Arizona, USA'),
(11136, 12414, 11135, 'Montreal at Night #montreal', '2017-03-04 17:23:38', 'Montreal, Canada'),
(11137, 12410, 11136, 'Hollywood, Los Angeles #coolsign', '2017-03-04 17:28:24', 'Los Angeles, USA');

-- --------------------------------------------------------

--
-- Table structure for table `privacy settings`
--

CREATE TABLE `privacy settings` (
  `SettingID` int(5) NOT NULL,
  `Description` varchar(100) NOT NULL
) ENGINE=InnoDB DEFAULT CHARSET=utf8;

--
-- Dumping data for table `privacy settings`
--

INSERT INTO `privacy settings` (`SettingID`, `Description`) VALUES
(1, 'Friends Only'),
(2, 'Friends of Friends'),
(3, 'Public');

-- --------------------------------------------------------

--
-- Table structure for table `user`
--

CREATE TABLE `user` (
  `UserID` int(20) NOT NULL,
  `FirstName` varchar(30) NOT NULL,
  `LastName` varchar(30) NOT NULL,
  `UserName` varchar(30) NOT NULL,
  `EmailAddress` varchar(80) NOT NULL,
  `Password` char(64) NOT NULL,
  `Location` varchar(150) NOT NULL,
  `ShortDescrip` varchar(150) NOT NULL,
  `DateCreated` datetime NOT NULL DEFAULT CURRENT_TIMESTAMP,
  `SettingID` int(5) NOT NULL DEFAULT '3'
) ENGINE=InnoDB DEFAULT CHARSET=utf8;

--
-- Dumping data for table `user`
--

INSERT INTO `user` (`UserID`, `FirstName`, `LastName`, `UserName`, `EmailAddress`, `Password`, `Location`, `ShortDescrip`, `DateCreated`, `SettingID`) VALUES
(12399, 'Li', 'Xie', 'Liko', 'liko@mail.com', '$2y$10$SW1DWeNQuLcFdbWs2PgXiO5VqCrUDdzJ173sEi/tLmL9oWsXWmI4G', 'London, England', 'Pano is one of the best social media sites ever made!', '2017-02-21 18:24:29', 2),
(12400, 'Lucas', 'Valtl', 'Lucas', 'lucas@pano.com', '$2y$10$KZHC1VBrAWtUZJPrcwyb9uL1TWIwJqP9FIYT7O2k4BNvK5PX8ZYay', 'London', 'I like Pano', '2017-02-21 18:25:19', 3),
(12401, 'Florian', 'Obst', 'Florian', 'florian@pano.com', '$2y$10$JCCx7lZflspi.B55V7j8bOEuJG.gM1MlpeQbrZDeYiT8oh0MLRm2m', 'London', 'Go Pano Go', '2017-02-21 18:25:47', 3),
(12402, 'Johannes', 'Landgraf', 'Johannes', 'johannes@pano.com', '$2y$10$6Bq0sco8ddlwFUy47oNAA.Nm.QvD7wmMtYaA.z6iuRsjLOOLyHWHm', 'London', 'Pano is great', '2017-02-21 18:26:32', 3),
(12403, 'Noob', 'Master', 'Noob123', 'noob@mail.com', '$2y$10$bfqBPR5mPB0nuuY4SAEOo.M090R/7Q3x/b/N10T5Hpkku7U3kcLfG', 'London', 'I am a noob', '2017-02-22 22:57:13', 3),
(12404, 'Secret', 'Guy', 'PanoMaster', 'pano@mail.com', '$2y$10$ty.2qdk5XT4G0JKIPep5VeLmYeeOF4qA.0CzerybEIauymnIGIzHa', 'Manchester', 'I am just a test account. Nothing special here really.', '2017-03-03 19:22:06', 3),
(12405, 'John', 'Smith', 'braveAsian', 'brave@brave.com', '$2y$10$uIqDRSHJcUTOKoClHm4pH.R46lAjMea.bJTbLqHbGkFnP8Wk/jWIm', 'Hawaii', 'I killed a lion once', '2017-03-03 19:28:37', 3),
(12406, 'Samuel', 'Yoloman', 'yolo_merchant', 'yolo@yolo.com', '$2y$10$24/4oboKR4gqDakyRHr1MejMpXjAmdGhWIziY2fV0bxtXq4HtTeCq', 'Edinburgh', 'I buy and sell yolo', '2017-03-03 19:50:23', 3),
(12407, 'Max', 'Power', 'power_ranger246', 'power@power.com', '$2y$10$82YF6Km3trd/N3Q./ZKHt.cZduYyiFu2yXj2EAICXzhCzLNu./jk2', 'Reading', 'I like power rangers', '2017-03-03 19:52:31', 3),
(12408, 'Crash', 'Bandicoot', 'CrashBandicoot', 'crash@crash.com', '$2y$10$hTY.hC9Zr.wzkVRfCMVhMeHbtjtqhufX/AU.YP5JdZypyAKwy/sGO', 'CrashLand', 'I have a remake coming out soon!', '2017-03-03 19:54:34', 3),
(12409, 'Ghost', 'Sniper', 'ghostsniper64', 'ghosty@snipes.com', '$2y$10$JK3i/3aFD2GzQdOU5QUi6u44NPvau6jBwfF4UpT/ZCed/8cVPf96a', 'London', 'I hide in the grass and wait for people to come out of cover.', '2017-03-03 20:02:49', 3),
(12410, 'Daniel', 'Hernandez', 'SuperSuperMario', 'supermario@supermail.com', '$2y$10$/BwLMoyPhfcEpfIshpJux.V0QBLj6tio5lWok.kF6gLlovP6ecpAi', 'Paris', 'Hi Im Daniel Hernandez, and I love photography. Pano is great!', '2017-03-04 15:49:00', 3),
(12411, 'Harry', 'Johnson', 'GreatElephant_gal', 'GreatElephant_gal@master.com', '$2y$10$oAXkitKKp8J8xMOXYj/34uzHMc1vL4ljNY8uMsYP7vh.Yx8VDp3gy', 'Manchester', 'Hi Im Harry Johnson, and I love photography. Pano is great!', '2017-03-04 15:49:00', 3),
(12412, 'Michelle', 'Andersen', 'SleepySpeaker123', 'SleepySpeaker123@panoapp.com', '$2y$10$Yb.GLoF0j/DSu4GHKTx.EuCaAcCuJoAJHNyITWjr3hWvbRjs9.H5S', 'Manchester', 'Hi Im Michelle Andersen, and I love photography. Pano is great!', '2017-03-04 15:49:01', 3),
(12413, 'Harry', 'Zhao', 'SneakyBowl', 'SneakyBowl@ok.com', '$2y$10$KdoT.k5gUvSDr2EYhrS5fO3uNH.wq7QRMJ.B0KctJrlAWeHogptvm', 'Milan', 'Hi Im Harry Zhao, and I love photography. Pano is great!', '2017-03-04 15:49:01', 3),
(12414, 'Michelle', 'Gunaydin', 'SleepyTuna', 'SleepyTuna@ok.com', '$2y$10$ynszWRXh4wjeEnqFxJ.0w.7.IqG37l.e3muy01JEWLMkhjI2XBcLm', 'Berlin', 'Hi Im Michelle Gunaydin, and I love photography. Pano is great!', '2017-03-04 15:49:01', 3),
(12415, 'Andrew', 'Lee', 'SpecialDinosaur246', 'SpecialDinosaur246@lol.com', '$2y$10$Z.tMlyWSrOXXSPqC5zHCKumDyGf1oEq8bdtP.J2Vi4obWk2Ab0fZK', 'Berlin', 'Hi Im Andrew Lee, and I love photography. Pano is great!', '2017-03-04 17:41:05', 3),
(12416, 'Jess', 'Nguyen', 'SneakyBowl666', 'SneakyBowl666@ucl.ac.uk', '$2y$10$ZNL1ghJVZNazi5UzgQpksOJQ8xl9/gKawez0D4evHEOLIqwwwTxaO', 'Montreal', 'Hi Im Jess Nguyen, and I love photography. Pano is great!', '2017-03-04 17:41:05', 3),
(12417, 'Peter', 'Nguyen', 'FaultedDinosaur', 'FaultedDinosaur@lol.com', '$2y$10$.yrKEyyor5V566fZQJ3LiuKYx1663ssKtjX0/S2ozyTmQAtnvIAxi', 'Dublin', 'Hi Im Peter Nguyen, and I love photography. Pano is great!', '2017-03-04 17:41:06', 3),
(12418, 'Sarah', 'Kuznetzov', 'Sneakymonster', 'Sneakymonster@ucl.ac.uk', '$2y$10$cF8bJRyWrSbqQxiDFQ0MJuEyP6GM3Gi/Ij9wtSMf1qZf3KpQn.vAG', 'Belfast', 'Hi Im Sarah Kuznetzov, and I love photography. Pano is great!', '2017-03-04 17:41:06', 3),
(12419, 'Claire', 'Johnson', 'A_Snake', 'A_Snake@panoapp.com', '$2y$10$CA7tYdn05nhzH.NcOihWYeq3BTI1wlU3n3D4RrY6zLZd5IZS1HYla', 'Paris', 'Hi Im Claire Johnson, and I love photography. Pano is great!', '2017-03-04 17:41:06', 3),
(12420, 'Peter', 'Muller', 'DragonTuna246', 'DragonTuna246@lol.com', '$2y$10$q6jhAS4yjspxMeS6kexptOAY5hkjBOZpHF8RpwTzQf/QVuybxpEDq', 'Birmingham', 'Hi Im Peter Muller, and I love photography. Pano is great!', '2017-03-04 17:41:07', 3),
(12421, 'Daniel', 'Kuznetzov', 'AngryBookLass', 'AngryBookLass@panoapp.com', '$2y$10$YvVCoTLquPP4f/eGUAt2LOfFHfPLLJvcwJoDSaFm1yJExr2Rw0RrO', 'Toronto', 'Hi Im Daniel Kuznetzov, and I love photography. Pano is great!', '2017-03-04 17:41:07', 3),
(12422, 'Sally', 'Thompson', 'TheOneAndOnlyBook', 'TheOneAndOnlyBook@panoapp.com', '$2y$10$tWwQRZGyhvN3W0YFKRZ/cO2nmRDJax5XJaQ386H64ArHweOJuWKt6', 'Montpellier', 'Hi Im Sally Thompson, and I love photography. Pano is great!', '2017-03-04 17:41:07', 3),
(12423, 'Michelle', 'Nguyen', 'ThePotato246', 'ThePotato246@mail.com', '$2y$10$puNV95xYewpXqnjpjJs3e..ZR5w34WM49olMz4r987PMSn5DfMGVO', 'Montreal', 'Hi Im Michelle Nguyen, and I love photography. Pano is great!', '2017-03-04 17:41:08', 3),
(12424, 'Sarah', 'Walker', 'AwesomeElephant', 'AwesomeElephant@supermail.com', '$2y$10$MzVHC1FqYqfCE6qIHjOHpuPKAjvF71HYIBYc0gtwYw.7uAFfuxT8S', 'New York', 'Hi Im Sarah Walker, and I love photography. Pano is great!', '2017-03-04 17:41:08', 3),
(12425, 'Sally', 'Zhao', 'SpecialSpeaker', 'SpecialSpeaker@mail.com', '$2y$10$ePFiP9oFHIUB.sA9OOqcUOnLbJxvxjzRmpdUVP8Uk37varieSeUX2', 'Dublin', 'Hi Im Sally Zhao, and I love photography. Pano is great!', '2017-03-04 17:41:08', 3),
(12426, 'Andrew', 'Ling', 'AwesomePlayer', 'AwesomePlayer@ok.com', '$2y$10$OagxNAnEnYb3Tt6sWISvZ.WRaFOMwA1BD1dFgh8lbAEyQUDeBxJU2', 'Paris', 'Hi Im Andrew Ling, and I love photography. Pano is great!', '2017-03-04 17:41:08', 3),
(12427, 'Maisie', 'Nguyen', 'amazingAntKing', 'amazingAntKing@lol.com', '$2y$10$486TAGeixbzIawI.Te4Oo.zQWkAvgS5Pw7EC5nR3JvVy0mH0CxFw2', 'Edinburgh', 'Hi Im Maisie Nguyen, and I love photography. Pano is great!', '2017-03-04 17:41:09', 3),
(12428, 'Drew', 'Thompson', 'TheRealPro_gal', 'TheRealPro_gal@lol.com', '$2y$10$JnMDeXlvqje.tLJD3ot9xOvqlk4gizfx/OsddKMrEKdFLohTDikR6', 'Dublin', 'Hi Im Drew Thompson, and I love photography. Pano is great!', '2017-03-04 17:41:09', 3),
(12429, 'Sarah', 'Kuznetzov', 'GreatTunaGirl', 'GreatTunaGirl@panoapp.com', '$2y$10$L251KOwaRdmX5VvfYLhgweFArOjVXZsn8GCEzUxMWaRqTHrh1YA26', 'San Francisco', 'Hi Im Sarah Kuznetzov, and I love photography. Pano is great!', '2017-03-04 17:41:09', 3),
(12430, 'John', 'Garcia', 'LazyOrangutan_fan', 'LazyOrangutan_fan@master.com', '$2y$10$KB18toUgrXrTfUyTE4lyXeqqGwGHR/HpVEDrDxBZDW3zmJxwjXDn6', 'New York', 'Hi Im John Garcia, and I love photography. Pano is great!', '2017-03-04 17:41:10', 3),
(12431, 'Peter', 'Johnson', 'TheUndisputedZebraGirl', 'TheUndisputedZebraGirl@mail.com', '$2y$10$SWpIgYIkBAQvff9w3Xvnb.cjhP89Jacdbm.HdUvVMa5gx3evR/Dxe', 'New York', 'Hi Im Peter Johnson, and I love photography. Pano is great!', '2017-03-04 17:41:10', 3),
(12432, 'Harry', 'Gonzalez', 'TheMonsterGirl', 'TheMonsterGirl@master.com', '$2y$10$CUuxgJPVv66St84h73TSpOViGE2um7iiHmSf64WTJzKukEKfG1LTS', 'London', 'Hi Im Harry Gonzalez, and I love photography. Pano is great!', '2017-03-04 17:41:10', 3),
(12433, 'Peter', 'Martina', 'AngryBowl', 'AngryBowl@panoapp.com', '$2y$10$HfVaYunUE1IDslmpt4MKru0MFKcK9c0bKMUXjjFeU83HQbZyLE822', 'Berlin', 'Hi Im Peter Martina, and I love photography. Pano is great!', '2017-03-04 17:41:11', 3),
(12434, 'Harry', 'Nguyen', 'SuperMonsterKing', 'SuperMonsterKing@lol.com', '$2y$10$LR/g.H/0zvPYGMEN1fVRWugMhi3a08EMc4peWaRLMNfUbdNKhTEqm', 'Montpellier', 'Hi Im Harry Nguyen, and I love photography. Pano is great!', '2017-03-04 17:41:11', 3),
(12435, 'Peter', 'Wu', 'TheUndisputedElephantmaster', 'TheUndisputedElephantmaster@panoapp.com', '$2y$10$l3myL66wU3Hre93YdnfPvujLuiOWyQKP/FHybh8vp7KtIfFfEHZim', 'Washington DC', 'Hi Im Peter Wu, and I love photography. Pano is great!', '2017-03-04 17:43:20', 3),
(12436, 'Drew', 'Wu', 'CrazyAntEaterLass', 'CrazyAntEaterLass@panoapp.com', '$2y$10$uBChQ4n4VbtIqFTYOuvQUuKFdMg6ZQXGM5Wl3gj/JFOLK6of1E61m', 'Montpellier', 'Hi Im Drew Wu, and I love photography. Pano is great!', '2017-03-04 17:43:21', 3),
(12437, 'Claire', 'Ivanov', 'SillyOrangutanMaster', 'SillyOrangutanMaster@panoapp.com', '$2y$10$wzFw7t1iYEfUrRmEx3FCjeYbvHSjqrK894LYGRvrx.MJgyuYsYnW6', 'New York', 'Hi Im Claire Ivanov, and I love photography. Pano is great!', '2017-03-04 17:43:21', 3),
(12438, 'Michelle', 'Park', 'SuperProGirl', 'SuperProGirl@supermail.com', '$2y$10$Z3FAB4AlszXqhqy.b5xf8eoeqiEKZK9NsAX19WnzFHD1soAZ9K.Vu', 'Montreal', 'Hi Im Michelle Park, and I love photography. Pano is great!', '2017-03-04 17:45:35', 3),
(12439, 'Sally', 'Martina', 'CrazyAntEaterKid', 'CrazyAntEaterKid@master.com', '$2y$10$e0iOOAQbjN/SvqZmmzCZJe.AqOG.Nveci2sSU6zSLV4r2XPRafhUC', 'Chicago', 'Hi Im Sally Martina, and I love photography. Pano is great!', '2017-03-04 17:45:35', 3),
(12440, 'Sarah', 'Johnson', 'SillyElephant_kid', 'SillyElephant_kid@supermail.com', '$2y$10$/ngHYtHUGYfb.oiBJg1i8eXr6c84psrqk4Uj6oKxDaESCIP1uMiyu', 'Toronto', 'Hi Im Sarah Johnson, and I love photography. Pano is great!', '2017-03-04 17:45:36', 3);

-- --------------------------------------------------------

--
-- Table structure for table `usergroup mapping`
--

CREATE TABLE `usergroup mapping` (
  `GroupID` int(40) NOT NULL,
  `UserID` int(20) NOT NULL
) ENGINE=InnoDB DEFAULT CHARSET=utf8;

--
-- Indexes for dumped tables
--

--
-- Indexes for table `collections`
--
ALTER TABLE `collections`
  ADD PRIMARY KEY (`CollectionID`),
  ADD KEY `CollectionsOwnerConstraint` (`OwnerID`),
  ADD KEY `CollectionsGroupConstraint` (`GroupID`);

--
-- Indexes for table `comments`
--
ALTER TABLE `comments`
  ADD PRIMARY KEY (`CommentID`,`UserID`),
  ADD KEY `CommentsUserConstraint` (`UserID`),
  ADD KEY `CommentsPostConstraint` (`PhotoID`);

--
-- Indexes for table `friendrecommendations`
--
ALTER TABLE `friendrecommendations`
  ADD PRIMARY KEY (`UserID`),
  ADD KEY `Friend1Constraint` (`FriendID1`),
  ADD KEY `Friend2Constraint` (`FriendID2`),
  ADD KEY `Friend3Constraint` (`FriendID3`),
  ADD KEY `Friend4Constraint` (`FriendID4`),
  ADD KEY `Friend5Constraint` (`FriendID5`);

--
-- Indexes for table `friendrequests`
--
ALTER TABLE `friendrequests`
  ADD PRIMARY KEY (`UserID`,`FriendID`),
  ADD KEY `FriendConstraint` (`FriendID`);

--
-- Indexes for table `friends`
--
ALTER TABLE `friends`
  ADD PRIMARY KEY (`UserID`,`FriendID`),
  ADD KEY `FriendsFriendConstraint` (`FriendID`);

--
-- Indexes for table `groups`
--
ALTER TABLE `groups`
  ADD PRIMARY KEY (`GroupID`),
  ADD KEY `GroupsCreatorConstraint` (`CreatorID`);

--
-- Indexes for table `likes`
--
ALTER TABLE `likes`
  ADD PRIMARY KEY (`PhotoID`,`UserID`),
  ADD KEY `LikesUserConstraint` (`UserID`);

--
-- Indexes for table `messages`
--
ALTER TABLE `messages`
  ADD PRIMARY KEY (`MessageID`),
  ADD KEY `MessagesGroupConstraint` (`GroupID`),
  ADD KEY `MessagesUserConstraint` (`UserID`);

--
-- Indexes for table `photocollections mapping`
--
ALTER TABLE `photocollections mapping`
  ADD PRIMARY KEY (`CollectionID`,`PhotoID`),
  ADD KEY `PhotoCollectionsPhotosConstraint` (`PhotoID`);

--
-- Indexes for table `photos`
--
ALTER TABLE `photos`
  ADD PRIMARY KEY (`PhotoID`);

--
-- Indexes for table `posts`
--
ALTER TABLE `posts`
  ADD PRIMARY KEY (`PostID`),
  ADD KEY `PostsUserConstraint` (`UserID`),
  ADD KEY `PostsPhotosConstraint` (`PhotoID`);

--
-- Indexes for table `privacy settings`
--
ALTER TABLE `privacy settings`
  ADD PRIMARY KEY (`SettingID`);

--
-- Indexes for table `user`
--
ALTER TABLE `user`
  ADD PRIMARY KEY (`UserID`),
  ADD UNIQUE KEY `UserName` (`UserName`);

--
-- Indexes for table `usergroup mapping`
--
ALTER TABLE `usergroup mapping`
  ADD PRIMARY KEY (`GroupID`,`UserID`),
  ADD KEY `UserGroupUserConstraint` (`UserID`);

--
-- AUTO_INCREMENT for dumped tables
--

--
-- AUTO_INCREMENT for table `collections`
--
ALTER TABLE `collections`
  MODIFY `CollectionID` int(40) NOT NULL AUTO_INCREMENT;
--
-- AUTO_INCREMENT for table `comments`
--
ALTER TABLE `comments`
  MODIFY `CommentID` int(40) NOT NULL AUTO_INCREMENT, AUTO_INCREMENT=11347;
--
-- AUTO_INCREMENT for table `groups`
--
ALTER TABLE `groups`
  MODIFY `GroupID` int(40) NOT NULL AUTO_INCREMENT;
--
-- AUTO_INCREMENT for table `messages`
--
ALTER TABLE `messages`
  MODIFY `MessageID` int(40) NOT NULL AUTO_INCREMENT;
--
-- AUTO_INCREMENT for table `photos`
--
ALTER TABLE `photos`
  MODIFY `PhotoID` int(40) NOT NULL AUTO_INCREMENT, AUTO_INCREMENT=11142;
--
-- AUTO_INCREMENT for table `posts`
--
ALTER TABLE `posts`
  MODIFY `PostID` int(40) NOT NULL AUTO_INCREMENT, AUTO_INCREMENT=11138;
--
-- AUTO_INCREMENT for table `user`
--
ALTER TABLE `user`
  MODIFY `UserID` int(20) NOT NULL AUTO_INCREMENT, AUTO_INCREMENT=12441;
--
-- Constraints for dumped tables
--

--
-- Constraints for table `collections`
--
ALTER TABLE `collections`
  ADD CONSTRAINT `CollectionsGroupConstraint` FOREIGN KEY (`GroupID`) REFERENCES `groups` (`GroupID`),
  ADD CONSTRAINT `CollectionsOwnerConstraint` FOREIGN KEY (`OwnerID`) REFERENCES `user` (`UserID`);

--
-- Constraints for table `comments`
--
ALTER TABLE `comments`
  ADD CONSTRAINT `CommentsPostConstraint` FOREIGN KEY (`PhotoID`) REFERENCES `photos` (`PhotoID`),
  ADD CONSTRAINT `CommentsUserConstraint` FOREIGN KEY (`UserID`) REFERENCES `user` (`UserID`);

--
-- Constraints for table `friendrecommendations`
--
ALTER TABLE `friendrecommendations`
  ADD CONSTRAINT `ForeignKeyConstraint` FOREIGN KEY (`UserID`) REFERENCES `user` (`UserID`),
  ADD CONSTRAINT `Friend1Constraint` FOREIGN KEY (`FriendID1`) REFERENCES `user` (`UserID`),
  ADD CONSTRAINT `Friend2Constraint` FOREIGN KEY (`FriendID2`) REFERENCES `user` (`UserID`),
  ADD CONSTRAINT `Friend3Constraint` FOREIGN KEY (`FriendID3`) REFERENCES `user` (`UserID`),
  ADD CONSTRAINT `Friend4Constraint` FOREIGN KEY (`FriendID4`) REFERENCES `user` (`UserID`),
  ADD CONSTRAINT `Friend5Constraint` FOREIGN KEY (`FriendID5`) REFERENCES `user` (`UserID`);

--
-- Constraints for table `friendrequests`
--
ALTER TABLE `friendrequests`
  ADD CONSTRAINT `FriendConstraint` FOREIGN KEY (`FriendID`) REFERENCES `user` (`UserID`),
  ADD CONSTRAINT `UserConstraint` FOREIGN KEY (`UserID`) REFERENCES `user` (`UserID`);

--
-- Constraints for table `friends`
--
ALTER TABLE `friends`
  ADD CONSTRAINT `FriendsFriendConstraint` FOREIGN KEY (`FriendID`) REFERENCES `user` (`UserID`),
  ADD CONSTRAINT `FriendsUserConstraint` FOREIGN KEY (`UserID`) REFERENCES `user` (`UserID`);

--
-- Constraints for table `groups`
--
ALTER TABLE `groups`
  ADD CONSTRAINT `GroupsCreatorConstraint` FOREIGN KEY (`CreatorID`) REFERENCES `user` (`UserID`);

--
-- Constraints for table `likes`
--
ALTER TABLE `likes`
  ADD CONSTRAINT `LikesPostConstraint` FOREIGN KEY (`PhotoID`) REFERENCES `photos` (`PhotoID`),
  ADD CONSTRAINT `LikesUserConstraint` FOREIGN KEY (`UserID`) REFERENCES `user` (`UserID`);

--
-- Constraints for table `messages`
--
ALTER TABLE `messages`
  ADD CONSTRAINT `MessagesGroupConstraint` FOREIGN KEY (`GroupID`) REFERENCES `groups` (`GroupID`),
  ADD CONSTRAINT `MessagesUserConstraint` FOREIGN KEY (`UserID`) REFERENCES `user` (`UserID`);

--
-- Constraints for table `photocollections mapping`
--
ALTER TABLE `photocollections mapping`
  ADD CONSTRAINT `PhotoCollectionsCollectionConstraint` FOREIGN KEY (`CollectionID`) REFERENCES `collections` (`CollectionID`),
  ADD CONSTRAINT `PhotoCollectionsPhotosConstraint` FOREIGN KEY (`PhotoID`) REFERENCES `photos` (`PhotoID`);

--
-- Constraints for table `posts`
--
ALTER TABLE `posts`
  ADD CONSTRAINT `PostsPhotosConstraint` FOREIGN KEY (`PhotoID`) REFERENCES `photos` (`PhotoID`),
  ADD CONSTRAINT `PostsUserConstraint` FOREIGN KEY (`UserID`) REFERENCES `user` (`UserID`);

--
-- Constraints for table `usergroup mapping`
--
ALTER TABLE `usergroup mapping`
  ADD CONSTRAINT `UserGroupGroupConstraint` FOREIGN KEY (`GroupID`) REFERENCES `groups` (`GroupID`),
  ADD CONSTRAINT `UserGroupUserConstraint` FOREIGN KEY (`UserID`) REFERENCES `user` (`UserID`);
