-- phpMyAdmin SQL Dump
-- version 4.6.6
-- https://www.phpmyadmin.net/
--
-- Host: br-cdbr-azure-south-b.cloudapp.net
-- Generation Time: Mar 28, 2017 at 10:22 AM
-- Server version: 5.5.45-log
-- PHP Version: 5.6.30

SET SQL_MODE = "NO_AUTO_VALUE_ON_ZERO";
SET time_zone = "+00:00";


/*!40101 SET @OLD_CHARACTER_SET_CLIENT=@@CHARACTER_SET_CLIENT */;
/*!40101 SET @OLD_CHARACTER_SET_RESULTS=@@CHARACTER_SET_RESULTS */;
/*!40101 SET @OLD_COLLATION_CONNECTION=@@COLLATION_CONNECTION */;
/*!40101 SET NAMES utf8mb4 */;

--
-- Database: `app_pano_database`
--

-- --------------------------------------------------------

--
-- Table structure for table `collections`
--

CREATE TABLE `collections` (
  `CollectionID` int(40) NOT NULL,
  `GroupID` int(20) DEFAULT NULL,
  `OwnerID` int(20) NOT NULL,
  `Caption` varchar(100) NOT NULL,
  `CreatedTime` timestamp NOT NULL DEFAULT CURRENT_TIMESTAMP,
  `SettingID` int(5) NOT NULL
) ENGINE=InnoDB DEFAULT CHARSET=utf8;

--
-- Dumping data for table `collections`
--

INSERT INTO `collections` (`CollectionID`, `GroupID`, `OwnerID`, `Caption`, `CreatedTime`, `SettingID`) VALUES
(21, NULL, 12400, 'Brasil!', '2017-03-15 16:55:03', 3),
(31, 21, 12399, 'Pano Development Diary', '2017-03-15 17:05:44', 4),
(41, NULL, 12399, 'Nature', '2017-03-16 00:37:03', 3),
(51, NULL, 12399, 'Cityscapes', '2017-03-16 14:22:38', 3),
(61, NULL, 12399, 'My Trip to Cambodia', '2017-03-16 14:42:04', 3),
(71, NULL, 12400, 'Sunsets', '2017-03-18 09:07:36', 3);

-- --------------------------------------------------------

--
-- Table structure for table `comments`
--

CREATE TABLE `comments` (
  `CommentID` int(40) NOT NULL,
  `UserID` int(20) NOT NULL,
  `PostID` varchar(200) NOT NULL,
  `Comment` text NOT NULL,
  `CommentTime` timestamp NOT NULL DEFAULT CURRENT_TIMESTAMP
) ENGINE=InnoDB DEFAULT CHARSET=utf8;

--
-- Dumping data for table `comments`
--

INSERT INTO `comments` (`CommentID`, `UserID`, `PostID`, `Comment`, `CommentTime`) VALUES
(11381, 12404, '1db4cbdb2a97ebb1bc5958601044f336672cc6860dbd07c6c3eb7a9647d070af', 'San Francisco is beautiful!', '2017-03-15 14:29:55'),
(11401, 12401, 'b68a1f3b7304486b1cdde34143b0989d05eaef37d8cfa2a1b0ecae18e030bbc5', 'great pic Mr Li', '2017-03-15 14:34:57'),
(11411, 12404, 'b68a1f3b7304486b1cdde34143b0989d05eaef37d8cfa2a1b0ecae18e030bbc5', 'Awesome seats!', '2017-03-15 14:37:56'),
(11421, 12399, '1db4cbdb2a97ebb1bc5958601044f336672cc6860dbd07c6c3eb7a9647d070af', 'awesome bro!', '2017-03-15 14:39:14'),
(11431, 12399, 'd5185f84b6d2b5d45233609b2a67feeeba4eb6f69c0de2f3bb1df7397aa62032', 'amazing view dude!', '2017-03-15 14:43:00'),
(11441, 12399, '46406323d7d0bdfb699ea11af8512f858f6cce46900d45a0f5bceca6c0fa17c3', 'Beautiful reflection and sunset man!', '2017-03-15 16:56:32'),
(11471, 12400, '4fdd87030a34f848817205e45499d3445b2b3c33814f13fff261d684732bca03', 'haha yeah look how happy I am...optimising for mobile...;D', '2017-03-15 21:09:57'),
(11481, 12401, '220ee91147910b8f3df986f37dbf71579d041a154976a056361f6d8554a1ca00', 'the coder base', '2017-03-15 21:30:07'),
(11491, 12400, '220ee91147910b8f3df986f37dbf71579d041a154976a056361f6d8554a1ca00', 'HQ', '2017-03-15 21:36:47'),
(11501, 12400, '410e82e1c0c8717804419aded78772653a96cd954d75f10fb91609096ad767fb', 'This was nice', '2017-03-15 21:36:55'),
(11511, 12399, '9141c08f01c6440e828a07ede59aeb44c7a57a8d59d4d94e3d411657a2d44b5a', 'Dude you love your sunsets :D', '2017-03-15 21:53:14'),
(11541, 12432, '8483cc93dbf02e41d33e958662539e27bdd02524d988d2e42a4cc9ba89539f74', 'feds', '2017-03-17 13:22:37'),
(11551, 12432, '8483cc93dbf02e41d33e958662539e27bdd02524d988d2e42a4cc9ba89539f74', 'feds', '2017-03-17 13:22:37'),
(11561, 12432, '8483cc93dbf02e41d33e958662539e27bdd02524d988d2e42a4cc9ba89539f74', 'efqdasx', '2017-03-17 13:23:01'),
(11571, 12400, '922714de348cbf9f42a620264d69412d28911f6561e910bcb699c9f22f227871', 'Not much snow there though :D', '2017-03-17 22:15:54'),
(11581, 12400, '0d278ffdbe530bd974b044370b8daf5b47bf8ca38056ca0c4bd31518edbe3deb', 'This one is sick!', '2017-03-17 22:17:24'),
(11591, 12591, '35140ddb8a665b7161850a7a1208ac86e8f3a8af964aae7e08326f3cb13de34f', 'A very good memory of the trip to Angkor Thom!', '2017-03-18 12:41:29'),
(11601, 12591, '21521ec2f92a9be2954cfc4877aff1a29ddaef90b1b361f894825c759e425262', 'Yeh, we took a ferry to reach Watsons Bay to have this wonderful view', '2017-03-18 12:48:23'),
(11611, 12591, '220ee91147910b8f3df986f37dbf71579d041a154976a056361f6d8554a1ca00', 'Wish PANO a success ！', '2017-03-18 12:53:45'),
(11621, 12591, 'f4c8679f5500011f7e16af851a58f6869f3f267683e13a39ae1127150667383a', 'From the viewing deck of SIngapore National Art Gallery ', '2017-03-18 13:04:50'),
(11631, 12399, 'f4c8679f5500011f7e16af851a58f6869f3f267683e13a39ae1127150667383a', 'very cool!', '2017-03-18 13:21:38'),
(11641, 12401, 'f4c8679f5500011f7e16af851a58f6869f3f267683e13a39ae1127150667383a', 'Great view!', '2017-03-19 19:16:42'),
(11661, 12400, '0819111dc1f7b79ae83f422df656c29bed203c8193273c9fb8626a4786a13164', 'Double Post?', '2017-03-19 21:09:37'),
(11671, 12400, '9141c08f01c6440e828a07ede59aeb44c7a57a8d59d4d94e3d411657a2d44b5a', 'Got to push the hashtag haha', '2017-03-20 09:44:37'),
(11681, 12399, '24c3af149224b4a05e21654cffc927b2b6933e0d8d517cc5fed508498fb5079a', ':D', '2017-03-20 09:46:58'),
(11701, 12401, '0819111dc1f7b79ae83f422df656c29bed203c8193273c9fb8626a4786a13164', 'lol yeah', '2017-03-21 19:39:29'),
(11711, 12402, '24c3af149224b4a05e21654cffc927b2b6933e0d8d517cc5fed508498fb5079a', 'Love it', '2017-03-25 19:21:09'),
(11721, 12402, 'e45365e6b482a0b2d19f0c1e71e4e87c4ffb356f7858c7fd52edd07d54fba02b', 'toooll', '2017-03-25 22:44:03');

-- --------------------------------------------------------

--
-- Table structure for table `friendrecommendations`
--

CREATE TABLE `friendrecommendations` (
  `UserID` int(20) NOT NULL,
  `FriendID1` int(20) DEFAULT NULL,
  `FriendID2` int(20) DEFAULT NULL,
  `FriendID3` int(20) DEFAULT NULL,
  `FriendID4` int(20) DEFAULT NULL,
  `FriendID5` int(20) DEFAULT NULL
) ENGINE=InnoDB DEFAULT CHARSET=utf8;

--
-- Dumping data for table `friendrecommendations`
--

INSERT INTO `friendrecommendations` (`UserID`, `FriendID1`, `FriendID2`, `FriendID3`, `FriendID4`, `FriendID5`) VALUES
(12399, 12417, 12432, 12426, 12408, 12409),
(12400, 12422, 12432, 12417, 12415, 12418),
(12401, 12414, 12421, 12430, 12404, 12416),
(12402, 12426, 12428, 12406, 12417, 12414),
(12403, 12411, 12417, 12399, 12414, 12421),
(12404, 12431, 12401, 12420, 12432, 12416),
(12405, 12409, 12434, 12420, 12412, 12433),
(12406, 12418, 12432, 12402, 12408, 12421),
(12407, 12413, 12408, 12412, 12433, 12430),
(12408, 12417, 12406, 12418, 12432, 12409),
(12409, 12399, 12418, 12430, 12408, 12416),
(12410, 12414, 12402, 12422, 12411, 12424),
(12411, 12422, 12410, 12416, 12429, 12431),
(12412, 12405, 12407, 12434, 12424, 12430),
(12413, 12424, 12433, 12407, 12416, 12421),
(12414, 12427, 12428, 12419, 12421, 12402),
(12415, 12414, 12400, 12420, 12404, 12417),
(12416, 12419, 12432, 12418, 12404, 12409),
(12417, 12399, 12415, 12407, 12408, 12402),
(12418, 12406, 12430, 12408, 12416, 12409),
(12419, 12414, 12406, 12421, 12430, 12416),
(12420, 12434, 12404, 12433, 12424, 12428),
(12421, 12403, 12414, 12413, 12429, 12406),
(12422, 12403, 12410, 12424, 12402, 12404),
(12423, 12430, 12411, 12420, 12414, 12424),
(12424, 12413, 12431, 12434, 12420, 12412),
(12425, 12433, 12407, 12424, 12405, 12409),
(12426, 12431, 12402, 12399, 12404, 12407),
(12427, 12430, 12421, 12414, 12420, 12433),
(12428, 12420, 12402, 12414, 12429, 12433),
(12429, 12421, 12400, 12431, 12411, 12428),
(12430, 12409, 12433, 12407, 12418, 12412),
(12431, 12429, 12411, 12426, 12434, 12424),
(12432, 12416, 12408, 12404, 12409, 12406),
(12433, 12430, 12407, 12405, 12420, 12413),
(12434, 12412, 12424, 12431, 12420, 12405),
(12435, 12416, 12404, 12430, 12421, 12424),
(12436, 12416, 12424, 12409, 12407, 12406),
(12437, 12402, 12424, 12428, 12404, 12403),
(12438, 12402, 12428, 12432, 12416, 12408),
(12439, 12432, 12424, 12400, 12399, 12416),
(12440, 12409, 12404, 12428, 12421, 12418),
(12444, 12427, 12429, 12428, 12423, 12422),
(12445, 12427, 12418, 12448, 12407, 12440),
(12448, 12427, 12415, 12407, 12440, 12437),
(12450, 12427, 12415, 12407, 12440, 12437),
(12451, 12399, 12427, 12431, 12435, 12428),
(12471, NULL, NULL, NULL, NULL, NULL),
(12481, NULL, NULL, NULL, NULL, NULL),
(12491, NULL, NULL, NULL, NULL, NULL),
(12501, NULL, NULL, NULL, NULL, NULL),
(12512, NULL, NULL, NULL, NULL, NULL),
(12521, NULL, NULL, NULL, NULL, NULL),
(12531, NULL, NULL, NULL, NULL, NULL),
(12551, NULL, NULL, NULL, NULL, NULL),
(12561, NULL, NULL, NULL, NULL, NULL),
(12571, NULL, NULL, NULL, NULL, NULL),
(12581, NULL, NULL, NULL, NULL, NULL),
(12591, NULL, NULL, NULL, NULL, NULL),
(12601, NULL, NULL, NULL, NULL, NULL),
(12611, NULL, NULL, NULL, NULL, NULL),
(12621, NULL, NULL, NULL, NULL, NULL),
(12631, NULL, NULL, NULL, NULL, NULL),
(12641, NULL, NULL, NULL, NULL, NULL),
(12651, NULL, NULL, NULL, NULL, NULL),
(12661, NULL, NULL, NULL, NULL, NULL),
(12671, NULL, NULL, NULL, NULL, NULL),
(12681, NULL, NULL, NULL, NULL, NULL);

-- --------------------------------------------------------

--
-- Table structure for table `friendrequests`
--

CREATE TABLE `friendrequests` (
  `UserID` int(20) NOT NULL,
  `FriendID` int(20) NOT NULL
) ENGINE=InnoDB DEFAULT CHARSET=utf8;

--
-- Dumping data for table `friendrequests`
--

INSERT INTO `friendrequests` (`UserID`, `FriendID`) VALUES
(12451, 12401),
(12402, 12403),
(12400, 12411),
(12400, 12412),
(12399, 12421),
(12400, 12421),
(12400, 12424),
(12400, 12429),
(12400, 12430),
(12400, 12434),
(12601, 12591);

-- --------------------------------------------------------

--
-- Table structure for table `friends`
--

CREATE TABLE `friends` (
  `UserID` int(20) NOT NULL,
  `FriendID` int(20) NOT NULL
) ENGINE=InnoDB DEFAULT CHARSET=utf8;

--
-- Dumping data for table `friends`
--

INSERT INTO `friends` (`UserID`, `FriendID`) VALUES
(12400, 12399),
(12401, 12399),
(12402, 12399),
(12404, 12399),
(12405, 12399),
(12406, 12399),
(12407, 12399),
(12410, 12399),
(12412, 12399),
(12414, 12399),
(12416, 12399),
(12419, 12399),
(12420, 12399),
(12422, 12399),
(12423, 12399),
(12424, 12399),
(12427, 12399),
(12428, 12399),
(12429, 12399),
(12430, 12399),
(12436, 12399),
(12438, 12399),
(12444, 12399),
(12551, 12399),
(12561, 12399),
(12571, 12399),
(12581, 12399),
(12591, 12399),
(12601, 12399),
(12611, 12399),
(12621, 12399),
(12631, 12399),
(12641, 12399),
(12651, 12399),
(12661, 12399),
(12671, 12399),
(12681, 12399),
(12399, 12400),
(12401, 12400),
(12402, 12400),
(12403, 12400),
(12404, 12400),
(12405, 12400),
(12406, 12400),
(12407, 12400),
(12408, 12400),
(12409, 12400),
(12413, 12400),
(12414, 12400),
(12416, 12400),
(12419, 12400),
(12420, 12400),
(12423, 12400),
(12426, 12400),
(12427, 12400),
(12428, 12400),
(12431, 12400),
(12433, 12400),
(12435, 12400),
(12436, 12400),
(12437, 12400),
(12440, 12400),
(12451, 12400),
(12512, 12400),
(12551, 12400),
(12561, 12400),
(12571, 12400),
(12581, 12400),
(12591, 12400),
(12601, 12400),
(12611, 12400),
(12621, 12400),
(12631, 12400),
(12641, 12400),
(12651, 12400),
(12661, 12400),
(12671, 12400),
(12681, 12400),
(12399, 12401),
(12400, 12401),
(12402, 12401),
(12403, 12401),
(12405, 12401),
(12407, 12401),
(12408, 12401),
(12409, 12401),
(12412, 12401),
(12417, 12401),
(12420, 12401),
(12424, 12401),
(12425, 12401),
(12426, 12401),
(12432, 12401),
(12434, 12401),
(12438, 12401),
(12439, 12401),
(12551, 12401),
(12561, 12401),
(12571, 12401),
(12581, 12401),
(12591, 12401),
(12601, 12401),
(12611, 12401),
(12621, 12401),
(12631, 12401),
(12641, 12401),
(12651, 12401),
(12661, 12401),
(12671, 12401),
(12681, 12401),
(12399, 12402),
(12400, 12402),
(12401, 12402),
(12404, 12402),
(12405, 12402),
(12407, 12402),
(12408, 12402),
(12409, 12402),
(12411, 12402),
(12412, 12402),
(12415, 12402),
(12416, 12402),
(12418, 12402),
(12421, 12402),
(12423, 12402),
(12424, 12402),
(12425, 12402),
(12427, 12402),
(12429, 12402),
(12430, 12402),
(12431, 12402),
(12432, 12402),
(12433, 12402),
(12434, 12402),
(12435, 12402),
(12439, 12402),
(12451, 12402),
(12481, 12402),
(12551, 12402),
(12561, 12402),
(12581, 12402),
(12591, 12402),
(12601, 12402),
(12611, 12402),
(12621, 12402),
(12631, 12402),
(12641, 12402),
(12651, 12402),
(12661, 12402),
(12671, 12402),
(12681, 12402),
(12400, 12403),
(12401, 12403),
(12404, 12403),
(12405, 12403),
(12406, 12403),
(12407, 12403),
(12408, 12403),
(12412, 12403),
(12413, 12403),
(12416, 12403),
(12418, 12403),
(12419, 12403),
(12420, 12403),
(12424, 12403),
(12425, 12403),
(12428, 12403),
(12430, 12403),
(12432, 12403),
(12433, 12403),
(12399, 12404),
(12400, 12404),
(12402, 12404),
(12403, 12404),
(12405, 12404),
(12406, 12404),
(12407, 12404),
(12408, 12404),
(12409, 12404),
(12410, 12404),
(12411, 12404),
(12412, 12404),
(12413, 12404),
(12414, 12404),
(12417, 12404),
(12418, 12404),
(12421, 12404),
(12423, 12404),
(12424, 12404),
(12425, 12404),
(12428, 12404),
(12430, 12404),
(12433, 12404),
(12434, 12404),
(12438, 12404),
(12399, 12405),
(12400, 12405),
(12401, 12405),
(12402, 12405),
(12403, 12405),
(12404, 12405),
(12406, 12405),
(12408, 12405),
(12410, 12405),
(12414, 12405),
(12416, 12405),
(12417, 12405),
(12419, 12405),
(12421, 12405),
(12422, 12405),
(12424, 12405),
(12430, 12405),
(12432, 12405),
(12435, 12405),
(12439, 12405),
(12399, 12406),
(12400, 12406),
(12403, 12406),
(12404, 12406),
(12405, 12406),
(12407, 12406),
(12409, 12406),
(12410, 12406),
(12411, 12406),
(12412, 12406),
(12413, 12406),
(12415, 12406),
(12416, 12406),
(12417, 12406),
(12420, 12406),
(12422, 12406),
(12424, 12406),
(12427, 12406),
(12428, 12406),
(12429, 12406),
(12430, 12406),
(12433, 12406),
(12437, 12406),
(12439, 12406),
(12440, 12406),
(12399, 12407),
(12400, 12407),
(12401, 12407),
(12402, 12407),
(12403, 12407),
(12404, 12407),
(12406, 12407),
(12409, 12407),
(12411, 12407),
(12414, 12407),
(12415, 12407),
(12416, 12407),
(12418, 12407),
(12420, 12407),
(12421, 12407),
(12424, 12407),
(12427, 12407),
(12428, 12407),
(12429, 12407),
(12431, 12407),
(12432, 12407),
(12434, 12407),
(12437, 12407),
(12438, 12407),
(12440, 12407),
(12400, 12408),
(12401, 12408),
(12402, 12408),
(12403, 12408),
(12404, 12408),
(12405, 12408),
(12410, 12408),
(12411, 12408),
(12412, 12408),
(12413, 12408),
(12414, 12408),
(12415, 12408),
(12416, 12408),
(12420, 12408),
(12421, 12408),
(12422, 12408),
(12423, 12408),
(12424, 12408),
(12425, 12408),
(12426, 12408),
(12427, 12408),
(12430, 12408),
(12431, 12408),
(12433, 12408),
(12434, 12408),
(12400, 12409),
(12401, 12409),
(12402, 12409),
(12404, 12409),
(12406, 12409),
(12407, 12409),
(12410, 12409),
(12411, 12409),
(12412, 12409),
(12413, 12409),
(12414, 12409),
(12415, 12409),
(12417, 12409),
(12419, 12409),
(12420, 12409),
(12421, 12409),
(12422, 12409),
(12423, 12409),
(12424, 12409),
(12426, 12409),
(12428, 12409),
(12429, 12409),
(12431, 12409),
(12433, 12409),
(12434, 12409),
(12435, 12409),
(12437, 12409),
(12399, 12410),
(12404, 12410),
(12405, 12410),
(12406, 12410),
(12408, 12410),
(12409, 12410),
(12412, 12410),
(12417, 12410),
(12418, 12410),
(12419, 12410),
(12421, 12410),
(12428, 12410),
(12430, 12410),
(12432, 12410),
(12434, 12410),
(12435, 12410),
(12440, 12410),
(12402, 12411),
(12404, 12411),
(12406, 12411),
(12407, 12411),
(12408, 12411),
(12409, 12411),
(12413, 12411),
(12415, 12411),
(12417, 12411),
(12418, 12411),
(12419, 12411),
(12421, 12411),
(12424, 12411),
(12425, 12411),
(12430, 12411),
(12432, 12411),
(12433, 12411),
(12434, 12411),
(12435, 12411),
(12437, 12411),
(12440, 12411),
(12399, 12412),
(12401, 12412),
(12402, 12412),
(12403, 12412),
(12404, 12412),
(12406, 12412),
(12408, 12412),
(12409, 12412),
(12410, 12412),
(12414, 12412),
(12416, 12412),
(12417, 12412),
(12418, 12412),
(12419, 12412),
(12420, 12412),
(12421, 12412),
(12422, 12412),
(12425, 12412),
(12426, 12412),
(12427, 12412),
(12429, 12412),
(12437, 12412),
(12440, 12412),
(12400, 12413),
(12403, 12413),
(12404, 12413),
(12406, 12413),
(12408, 12413),
(12409, 12413),
(12411, 12413),
(12415, 12413),
(12417, 12413),
(12418, 12413),
(12420, 12413),
(12422, 12413),
(12423, 12413),
(12426, 12413),
(12428, 12413),
(12430, 12413),
(12431, 12413),
(12432, 12413),
(12434, 12413),
(12437, 12413),
(12439, 12413),
(12399, 12414),
(12400, 12414),
(12404, 12414),
(12405, 12414),
(12407, 12414),
(12408, 12414),
(12409, 12414),
(12412, 12414),
(12416, 12414),
(12418, 12414),
(12420, 12414),
(12424, 12414),
(12426, 12414),
(12429, 12414),
(12430, 12414),
(12431, 12414),
(12432, 12414),
(12433, 12414),
(12434, 12414),
(12435, 12414),
(12436, 12414),
(12402, 12415),
(12406, 12415),
(12407, 12415),
(12408, 12415),
(12409, 12415),
(12411, 12415),
(12413, 12415),
(12416, 12415),
(12418, 12415),
(12421, 12415),
(12424, 12415),
(12427, 12415),
(12429, 12415),
(12430, 12415),
(12431, 12415),
(12432, 12415),
(12433, 12415),
(12435, 12415),
(12437, 12415),
(12399, 12416),
(12400, 12416),
(12402, 12416),
(12403, 12416),
(12405, 12416),
(12406, 12416),
(12407, 12416),
(12408, 12416),
(12412, 12416),
(12414, 12416),
(12415, 12416),
(12417, 12416),
(12420, 12416),
(12421, 12416),
(12422, 12416),
(12423, 12416),
(12424, 12416),
(12425, 12416),
(12426, 12416),
(12427, 12416),
(12428, 12416),
(12429, 12416),
(12430, 12416),
(12431, 12416),
(12433, 12416),
(12434, 12416),
(12437, 12416),
(12401, 12417),
(12404, 12417),
(12405, 12417),
(12406, 12417),
(12409, 12417),
(12410, 12417),
(12411, 12417),
(12412, 12417),
(12413, 12417),
(12416, 12417),
(12420, 12417),
(12421, 12417),
(12422, 12417),
(12424, 12417),
(12427, 12417),
(12429, 12417),
(12430, 12417),
(12432, 12417),
(12433, 12417),
(12434, 12417),
(12435, 12417),
(12437, 12417),
(12439, 12417),
(12402, 12418),
(12403, 12418),
(12404, 12418),
(12407, 12418),
(12410, 12418),
(12411, 12418),
(12412, 12418),
(12413, 12418),
(12414, 12418),
(12415, 12418),
(12420, 12418),
(12421, 12418),
(12423, 12418),
(12424, 12418),
(12426, 12418),
(12427, 12418),
(12428, 12418),
(12429, 12418),
(12431, 12418),
(12434, 12418),
(12437, 12418),
(12399, 12419),
(12400, 12419),
(12403, 12419),
(12405, 12419),
(12409, 12419),
(12410, 12419),
(12411, 12419),
(12412, 12419),
(12420, 12419),
(12423, 12419),
(12424, 12419),
(12426, 12419),
(12428, 12419),
(12429, 12419),
(12431, 12419),
(12433, 12419),
(12434, 12419),
(12435, 12419),
(12436, 12419),
(12437, 12419),
(12399, 12420),
(12400, 12420),
(12401, 12420),
(12403, 12420),
(12406, 12420),
(12407, 12420),
(12408, 12420),
(12409, 12420),
(12412, 12420),
(12413, 12420),
(12414, 12420),
(12416, 12420),
(12417, 12420),
(12418, 12420),
(12419, 12420),
(12421, 12420),
(12422, 12420),
(12426, 12420),
(12429, 12420),
(12430, 12420),
(12431, 12420),
(12436, 12420),
(12437, 12420),
(12402, 12421),
(12404, 12421),
(12405, 12421),
(12407, 12421),
(12408, 12421),
(12409, 12421),
(12410, 12421),
(12411, 12421),
(12412, 12421),
(12415, 12421),
(12416, 12421),
(12417, 12421),
(12418, 12421),
(12420, 12421),
(12422, 12421),
(12423, 12421),
(12424, 12421),
(12425, 12421),
(12428, 12421),
(12430, 12421),
(12431, 12421),
(12432, 12421),
(12433, 12421),
(12434, 12421),
(12436, 12421),
(12437, 12421),
(12438, 12421),
(12399, 12422),
(12405, 12422),
(12406, 12422),
(12408, 12422),
(12409, 12422),
(12412, 12422),
(12413, 12422),
(12416, 12422),
(12417, 12422),
(12420, 12422),
(12421, 12422),
(12425, 12422),
(12428, 12422),
(12429, 12422),
(12430, 12422),
(12432, 12422),
(12433, 12422),
(12434, 12422),
(12437, 12422),
(12399, 12423),
(12400, 12423),
(12402, 12423),
(12404, 12423),
(12408, 12423),
(12409, 12423),
(12413, 12423),
(12416, 12423),
(12418, 12423),
(12419, 12423),
(12421, 12423),
(12425, 12423),
(12426, 12423),
(12429, 12423),
(12431, 12423),
(12432, 12423),
(12433, 12423),
(12435, 12423),
(12399, 12424),
(12401, 12424),
(12402, 12424),
(12403, 12424),
(12404, 12424),
(12405, 12424),
(12406, 12424),
(12407, 12424),
(12408, 12424),
(12409, 12424),
(12411, 12424),
(12414, 12424),
(12415, 12424),
(12416, 12424),
(12417, 12424),
(12418, 12424),
(12419, 12424),
(12421, 12424),
(12426, 12424),
(12427, 12424),
(12428, 12424),
(12429, 12424),
(12430, 12424),
(12432, 12424),
(12433, 12424),
(12438, 12424),
(12401, 12425),
(12402, 12425),
(12403, 12425),
(12404, 12425),
(12408, 12425),
(12411, 12425),
(12412, 12425),
(12416, 12425),
(12421, 12425),
(12422, 12425),
(12423, 12425),
(12430, 12425),
(12431, 12425),
(12432, 12425),
(12434, 12425),
(12438, 12425),
(12400, 12426),
(12401, 12426),
(12408, 12426),
(12409, 12426),
(12412, 12426),
(12413, 12426),
(12414, 12426),
(12416, 12426),
(12418, 12426),
(12419, 12426),
(12420, 12426),
(12423, 12426),
(12424, 12426),
(12427, 12426),
(12428, 12426),
(12429, 12426),
(12430, 12426),
(12434, 12426),
(12435, 12426),
(12436, 12426),
(12399, 12427),
(12400, 12427),
(12402, 12427),
(12406, 12427),
(12407, 12427),
(12408, 12427),
(12412, 12427),
(12415, 12427),
(12416, 12427),
(12417, 12427),
(12418, 12427),
(12424, 12427),
(12426, 12427),
(12428, 12427),
(12429, 12427),
(12431, 12427),
(12432, 12427),
(12436, 12427),
(12438, 12427),
(12439, 12427),
(12399, 12428),
(12400, 12428),
(12403, 12428),
(12404, 12428),
(12406, 12428),
(12407, 12428),
(12409, 12428),
(12410, 12428),
(12413, 12428),
(12416, 12428),
(12418, 12428),
(12419, 12428),
(12421, 12428),
(12422, 12428),
(12424, 12428),
(12426, 12428),
(12427, 12428),
(12430, 12428),
(12431, 12428),
(12432, 12428),
(12434, 12428),
(12436, 12428),
(12399, 12429),
(12402, 12429),
(12406, 12429),
(12407, 12429),
(12409, 12429),
(12412, 12429),
(12414, 12429),
(12415, 12429),
(12416, 12429),
(12417, 12429),
(12418, 12429),
(12419, 12429),
(12420, 12429),
(12422, 12429),
(12423, 12429),
(12424, 12429),
(12426, 12429),
(12427, 12429),
(12430, 12429),
(12432, 12429),
(12433, 12429),
(12435, 12429),
(12436, 12429),
(12437, 12429),
(12399, 12430),
(12402, 12430),
(12403, 12430),
(12404, 12430),
(12405, 12430),
(12406, 12430),
(12408, 12430),
(12410, 12430),
(12411, 12430),
(12413, 12430),
(12414, 12430),
(12415, 12430),
(12416, 12430),
(12417, 12430),
(12420, 12430),
(12421, 12430),
(12422, 12430),
(12424, 12430),
(12425, 12430),
(12426, 12430),
(12428, 12430),
(12429, 12430),
(12431, 12430),
(12432, 12430),
(12434, 12430),
(12436, 12430),
(12437, 12430),
(12439, 12430),
(12400, 12431),
(12402, 12431),
(12407, 12431),
(12408, 12431),
(12409, 12431),
(12413, 12431),
(12414, 12431),
(12415, 12431),
(12416, 12431),
(12418, 12431),
(12419, 12431),
(12420, 12431),
(12421, 12431),
(12423, 12431),
(12425, 12431),
(12427, 12431),
(12428, 12431),
(12430, 12431),
(12433, 12431),
(12435, 12431),
(12436, 12431),
(12437, 12431),
(12440, 12431),
(12401, 12432),
(12402, 12432),
(12403, 12432),
(12405, 12432),
(12407, 12432),
(12410, 12432),
(12411, 12432),
(12413, 12432),
(12414, 12432),
(12415, 12432),
(12417, 12432),
(12421, 12432),
(12422, 12432),
(12423, 12432),
(12424, 12432),
(12425, 12432),
(12427, 12432),
(12428, 12432),
(12429, 12432),
(12430, 12432),
(12433, 12432),
(12400, 12433),
(12402, 12433),
(12403, 12433),
(12404, 12433),
(12406, 12433),
(12408, 12433),
(12409, 12433),
(12411, 12433),
(12414, 12433),
(12415, 12433),
(12416, 12433),
(12417, 12433),
(12419, 12433),
(12421, 12433),
(12422, 12433),
(12423, 12433),
(12424, 12433),
(12429, 12433),
(12431, 12433),
(12432, 12433),
(12435, 12433),
(12436, 12433),
(12437, 12433),
(12401, 12434),
(12402, 12434),
(12404, 12434),
(12407, 12434),
(12408, 12434),
(12409, 12434),
(12410, 12434),
(12411, 12434),
(12413, 12434),
(12414, 12434),
(12416, 12434),
(12417, 12434),
(12418, 12434),
(12419, 12434),
(12421, 12434),
(12422, 12434),
(12425, 12434),
(12426, 12434),
(12428, 12434),
(12430, 12434),
(12435, 12434),
(12440, 12434),
(12400, 12435),
(12402, 12435),
(12405, 12435),
(12409, 12435),
(12410, 12435),
(12411, 12435),
(12414, 12435),
(12415, 12435),
(12417, 12435),
(12419, 12435),
(12423, 12435),
(12426, 12435),
(12429, 12435),
(12431, 12435),
(12433, 12435),
(12434, 12435),
(12399, 12436),
(12400, 12436),
(12414, 12436),
(12419, 12436),
(12420, 12436),
(12421, 12436),
(12426, 12436),
(12427, 12436),
(12428, 12436),
(12429, 12436),
(12430, 12436),
(12431, 12436),
(12433, 12436),
(12400, 12437),
(12406, 12437),
(12407, 12437),
(12409, 12437),
(12411, 12437),
(12412, 12437),
(12413, 12437),
(12415, 12437),
(12416, 12437),
(12417, 12437),
(12418, 12437),
(12419, 12437),
(12420, 12437),
(12421, 12437),
(12422, 12437),
(12429, 12437),
(12430, 12437),
(12431, 12437),
(12433, 12437),
(12399, 12438),
(12401, 12438),
(12404, 12438),
(12407, 12438),
(12421, 12438),
(12424, 12438),
(12425, 12438),
(12427, 12438),
(12401, 12439),
(12402, 12439),
(12405, 12439),
(12406, 12439),
(12413, 12439),
(12417, 12439),
(12427, 12439),
(12430, 12439),
(12400, 12440),
(12406, 12440),
(12407, 12440),
(12410, 12440),
(12411, 12440),
(12412, 12440),
(12431, 12440),
(12434, 12440),
(12399, 12444),
(12400, 12451),
(12402, 12451),
(12402, 12481),
(12400, 12512),
(12399, 12551),
(12400, 12551),
(12401, 12551),
(12402, 12551),
(12399, 12561),
(12400, 12561),
(12401, 12561),
(12402, 12561),
(12399, 12571),
(12400, 12571),
(12401, 12571),
(12399, 12581),
(12400, 12581),
(12401, 12581),
(12402, 12581),
(12399, 12591),
(12400, 12591),
(12401, 12591),
(12402, 12591),
(12399, 12601),
(12400, 12601),
(12401, 12601),
(12402, 12601),
(12399, 12611),
(12400, 12611),
(12401, 12611),
(12402, 12611),
(12399, 12621),
(12400, 12621),
(12401, 12621),
(12402, 12621),
(12399, 12631),
(12400, 12631),
(12401, 12631),
(12402, 12631),
(12399, 12641),
(12400, 12641),
(12401, 12641),
(12402, 12641),
(12399, 12651),
(12400, 12651),
(12401, 12651),
(12402, 12651),
(12399, 12661),
(12400, 12661),
(12401, 12661),
(12402, 12661),
(12399, 12671),
(12400, 12671),
(12401, 12671),
(12402, 12671),
(12399, 12681),
(12400, 12681),
(12401, 12681),
(12402, 12681);

-- --------------------------------------------------------

--
-- Table structure for table `groups`
--

CREATE TABLE `groups` (
  `GroupID` int(40) NOT NULL,
  `GroupName` varchar(50) NOT NULL,
  `CreatorID` int(20) NOT NULL COMMENT 'Needs to be changed before a user gets deleted!!',
  `PhotoID` varchar(200) NOT NULL,
  `ShortDescrip` varchar(150) NOT NULL,
  `CreatedTime` timestamp NOT NULL DEFAULT CURRENT_TIMESTAMP ON UPDATE CURRENT_TIMESTAMP
) ENGINE=InnoDB DEFAULT CHARSET=utf8;

--
-- Dumping data for table `groups`
--

INSERT INTO `groups` (`GroupID`, `GroupName`, `CreatorID`, `PhotoID`, `ShortDescrip`, `CreatedTime`) VALUES
(21, 'Pano Development Team', 12399, '4220bb46513282f1f8c5d1c55d923ec2b0ec98e6d0268f24ef165a6bcfccee41', 'The Private Circle for the developers of Pano.', '2017-03-15 15:00:12'),
(31, 'Deployment Party!', 12400, '86031af86ef22afd7e9040200dd9a2407be715ab51ef8cfe1ed3ee426b4fb45b', 'Let\'s discuss about the celebrations we need to do once we are fully live on this!', '2017-03-15 15:27:52'),
(41, 'test', 12400, '28ff355e2721a8abf857bb94e99b37d2cddbe679190c5b14c7dc398c3c02ad02', 'why does uploiading work herE?', '2017-03-16 02:57:07'),
(51, 'Toni & Lucas', 12400, 'b64da1713e8c63cf92169e9f91e773a47d659312f0369e0987dd78ce4cf31a44', 'Nur für uns', '2017-03-16 17:04:32'),
(61, 'Family Circle', 12399, 'c251123a1da94453914c6570f01d4e2bb8161296e2980ecd6abe56b271a076e0', 'A circle for the Xie family.', '2017-03-18 19:53:33');

-- --------------------------------------------------------

--
-- Table structure for table `likes`
--

CREATE TABLE `likes` (
  `PostID` varchar(200) NOT NULL,
  `UserID` int(20) NOT NULL
) ENGINE=InnoDB DEFAULT CHARSET=utf8;

--
-- Dumping data for table `likes`
--

INSERT INTO `likes` (`PostID`, `UserID`) VALUES
('00b44b388975d2cc8d8bc61ae1aac819920e5cfe8382b68f63fc1a753bfe7cc8', 12399),
('0819111dc1f7b79ae83f422df656c29bed203c8193273c9fb8626a4786a13164', 12399),
('0c56a3dc17fa04de9529b43dfbf7d6a60a6f261fc647c86aeba2a375604b5ad2', 12399),
('12fc56038c90a4fdd4c633f166089a3fdbea94e66a6f300c4536a733bff2e812', 12399),
('1ad477dfe87b97ae99c547729bd57262067cf1836174282b41fbf3eb08242e7e', 12399),
('1db4cbdb2a97ebb1bc5958601044f336672cc6860dbd07c6c3eb7a9647d070af', 12399),
('220ee91147910b8f3df986f37dbf71579d041a154976a056361f6d8554a1ca00', 12399),
('24c3af149224b4a05e21654cffc927b2b6933e0d8d517cc5fed508498fb5079a', 12399),
('2699260e8c6481f9424530dffe0f9ebd91c95a37b14d5c30db3f20ccb795aec8', 12399),
('29420d4edd9d51b2bc0e297789e4c9e9db818c1253e9affa2680955ce3f263ae', 12399),
('2f8d69f2862a734ceb1421adac5925c22b2200a13efde4df4cc121c71f4a99b2', 12399),
('3574ae0035608d362e3230f07352059bc7cd6ef44055af96d0d4720a47968f08', 12399),
('410e82e1c0c8717804419aded78772653a96cd954d75f10fb91609096ad767fb', 12399),
('419f3aeffb143473b6da37674edee53b0d96e30c642f5a28fcac973c3696dd32', 12399),
('46406323d7d0bdfb699ea11af8512f858f6cce46900d45a0f5bceca6c0fa17c3', 12399),
('525f28a7c7bd944d81dbf2ee05888c16df76aabd63443ced4eb85baf6e7afa07', 12399),
('5885451bc96717c777f7834b9cda828916e7e3a2761d666f06ceddc095c09539', 12399),
('58cb4a8ba5a1b80ea2b83e83d077e2cb2c3a2a3af24263a58b20a947cd83a0d2', 12399),
('5ff17c0f982fb69aac825b9046edc49d51477bccb9b3663315f0c23d6b365fec', 12399),
('63717c224d273812f5f23e963b2b257ac7bf734ee9294d9ed698c1b4d514e877', 12399),
('72ee51c846f4bf321848f7a7a29ee63ea46fa65a3e8edee284c1a4f432515f87', 12399),
('77191907466156f731a9e103701dbcd3e5da8aa0e680699ac87b590224adf0dd', 12399),
('9141c08f01c6440e828a07ede59aeb44c7a57a8d59d4d94e3d411657a2d44b5a', 12399),
('bb13714655f80935962757e687446fdfa54a224eefc45936d4e11bae68586348', 12399),
('bd31e73aea5b203ec01e1dc0b3d178b0e4c8e93f268f70de1fc1fb36d14e5710', 12399),
('c2df9b083c03bd5a2741646717d1f52ed92fe346d532472cb98dc8bb9fbc76f9', 12399),
('c3251e7a5a4d376c78acf3a2319eb1d88cbcb6d8aac166d0d77826282abc965a', 12399),
('d5185f84b6d2b5d45233609b2a67feeeba4eb6f69c0de2f3bb1df7397aa62032', 12399),
('e3b29669e98c6e3c67b5bee6b1a596add0e813e630acbcb59c266c428c8b9bfe', 12399),
('e45365e6b482a0b2d19f0c1e71e4e87c4ffb356f7858c7fd52edd07d54fba02b', 12399),
('e5ed03ababb5f0a058e5a72985379709f69efcac1d55b6303e52816da141151c', 12399),
('f4c8679f5500011f7e16af851a58f6869f3f267683e13a39ae1127150667383a', 12399),
('00b44b388975d2cc8d8bc61ae1aac819920e5cfe8382b68f63fc1a753bfe7cc8', 12400),
('0d278ffdbe530bd974b044370b8daf5b47bf8ca38056ca0c4bd31518edbe3deb', 12400),
('1ad477dfe87b97ae99c547729bd57262067cf1836174282b41fbf3eb08242e7e', 12400),
('1db4cbdb2a97ebb1bc5958601044f336672cc6860dbd07c6c3eb7a9647d070af', 12400),
('203b535d95351031ccb715810a66f01900658c98238b45d26545cc6017245d72', 12400),
('21521ec2f92a9be2954cfc4877aff1a29ddaef90b1b361f894825c759e425262', 12400),
('220ee91147910b8f3df986f37dbf71579d041a154976a056361f6d8554a1ca00', 12400),
('24c3af149224b4a05e21654cffc927b2b6933e0d8d517cc5fed508498fb5079a', 12400),
('2f8d69f2862a734ceb1421adac5925c22b2200a13efde4df4cc121c71f4a99b2', 12400),
('4fdd87030a34f848817205e45499d3445b2b3c33814f13fff261d684732bca03', 12400),
('77191907466156f731a9e103701dbcd3e5da8aa0e680699ac87b590224adf0dd', 12400),
('9141c08f01c6440e828a07ede59aeb44c7a57a8d59d4d94e3d411657a2d44b5a', 12400),
('922714de348cbf9f42a620264d69412d28911f6561e910bcb699c9f22f227871', 12400),
('c2df9b083c03bd5a2741646717d1f52ed92fe346d532472cb98dc8bb9fbc76f9', 12400),
('e45365e6b482a0b2d19f0c1e71e4e87c4ffb356f7858c7fd52edd07d54fba02b', 12400),
('e901072985df51ccfe0eb82a792290a85dba636a5cfb9e1e0aaa5c5bdaae4ca2', 12400),
('f4c8679f5500011f7e16af851a58f6869f3f267683e13a39ae1127150667383a', 12400),
('2f8d69f2862a734ceb1421adac5925c22b2200a13efde4df4cc121c71f4a99b2', 12401),
('35140ddb8a665b7161850a7a1208ac86e8f3a8af964aae7e08326f3cb13de34f', 12401),
('72ee51c846f4bf321848f7a7a29ee63ea46fa65a3e8edee284c1a4f432515f87', 12401),
('b68a1f3b7304486b1cdde34143b0989d05eaef37d8cfa2a1b0ecae18e030bbc5', 12401),
('bb13714655f80935962757e687446fdfa54a224eefc45936d4e11bae68586348', 12401),
('bd31e73aea5b203ec01e1dc0b3d178b0e4c8e93f268f70de1fc1fb36d14e5710', 12401),
('e45365e6b482a0b2d19f0c1e71e4e87c4ffb356f7858c7fd52edd07d54fba02b', 12401),
('f4c8679f5500011f7e16af851a58f6869f3f267683e13a39ae1127150667383a', 12401),
('f6a1e85f00ac0ce795788290d44d6ecaad3c1167ad7b4903840514320da71c9d', 12401),
('220ee91147910b8f3df986f37dbf71579d041a154976a056361f6d8554a1ca00', 12402),
('24c3af149224b4a05e21654cffc927b2b6933e0d8d517cc5fed508498fb5079a', 12402),
('e45365e6b482a0b2d19f0c1e71e4e87c4ffb356f7858c7fd52edd07d54fba02b', 12402),
('1db4cbdb2a97ebb1bc5958601044f336672cc6860dbd07c6c3eb7a9647d070af', 12404),
('63717c224d273812f5f23e963b2b257ac7bf734ee9294d9ed698c1b4d514e877', 12451),
('d5185f84b6d2b5d45233609b2a67feeeba4eb6f69c0de2f3bb1df7397aa62032', 12451),
('e5ed03ababb5f0a058e5a72985379709f69efcac1d55b6303e52816da141151c', 12451),
('00b44b388975d2cc8d8bc61ae1aac819920e5cfe8382b68f63fc1a753bfe7cc8', 12512),
('410e82e1c0c8717804419aded78772653a96cd954d75f10fb91609096ad767fb', 12512),
('9141c08f01c6440e828a07ede59aeb44c7a57a8d59d4d94e3d411657a2d44b5a', 12512),
('2f8d69f2862a734ceb1421adac5925c22b2200a13efde4df4cc121c71f4a99b2', 12571),
('00b44b388975d2cc8d8bc61ae1aac819920e5cfe8382b68f63fc1a753bfe7cc8', 12591),
('0d278ffdbe530bd974b044370b8daf5b47bf8ca38056ca0c4bd31518edbe3deb', 12591),
('203b535d95351031ccb715810a66f01900658c98238b45d26545cc6017245d72', 12591),
('21521ec2f92a9be2954cfc4877aff1a29ddaef90b1b361f894825c759e425262', 12591),
('220ee91147910b8f3df986f37dbf71579d041a154976a056361f6d8554a1ca00', 12591),
('2699260e8c6481f9424530dffe0f9ebd91c95a37b14d5c30db3f20ccb795aec8', 12591),
('26c84927e6e1ea4aea3df379a7cdbd6483e8ad1af53c61de30878780f2ad178c', 12591),
('29420d4edd9d51b2bc0e297789e4c9e9db818c1253e9affa2680955ce3f263ae', 12591),
('2f8d69f2862a734ceb1421adac5925c22b2200a13efde4df4cc121c71f4a99b2', 12591),
('35140ddb8a665b7161850a7a1208ac86e8f3a8af964aae7e08326f3cb13de34f', 12591),
('4fdd87030a34f848817205e45499d3445b2b3c33814f13fff261d684732bca03', 12591),
('525f28a7c7bd944d81dbf2ee05888c16df76aabd63443ced4eb85baf6e7afa07', 12591),
('5439f89e650d3e0c1e2401ae9dae33db882ae46c847ea3cdcd0bb63afa77efad', 12591),
('637ca7e8f9d7695eb1e498711ac1e584a6446fa948c7ad7c9963bab17796de9a', 12591),
('66e482b6331c737b80f800d76538d212c18ddfb6eea053a9b7e63794183c2ada', 12591),
('7dffac2ae21f856b9c0e1b9a79855882aae022991f693ff97a4fcd2fedf58ac0', 12591),
('922714de348cbf9f42a620264d69412d28911f6561e910bcb699c9f22f227871', 12591),
('b68a1f3b7304486b1cdde34143b0989d05eaef37d8cfa2a1b0ecae18e030bbc5', 12591),
('f6a1e85f00ac0ce795788290d44d6ecaad3c1167ad7b4903840514320da71c9d', 12591),
('203b535d95351031ccb715810a66f01900658c98238b45d26545cc6017245d72', 12601),
('5c958b34ca7b4a40e99a0408f433ffe46163fd35ea07143ba8ba5eda8a82b10c', 12601),
('66e482b6331c737b80f800d76538d212c18ddfb6eea053a9b7e63794183c2ada', 12601),
('7eb6d83a52cfe675a73790fab912a95cf89d584336ec263da07fe58489e948e5', 12601),
('922714de348cbf9f42a620264d69412d28911f6561e910bcb699c9f22f227871', 12601),
('b24dce732a6a60efb3c9fd1897b2d01bade838cf3f3428148476456233393733', 12601),
('b68a1f3b7304486b1cdde34143b0989d05eaef37d8cfa2a1b0ecae18e030bbc5', 12601),
('e901072985df51ccfe0eb82a792290a85dba636a5cfb9e1e0aaa5c5bdaae4ca2', 12601),
('f4c8679f5500011f7e16af851a58f6869f3f267683e13a39ae1127150667383a', 12601),
('f6a1e85f00ac0ce795788290d44d6ecaad3c1167ad7b4903840514320da71c9d', 12601),
('0d278ffdbe530bd974b044370b8daf5b47bf8ca38056ca0c4bd31518edbe3deb', 12621),
('203b535d95351031ccb715810a66f01900658c98238b45d26545cc6017245d72', 12621),
('21521ec2f92a9be2954cfc4877aff1a29ddaef90b1b361f894825c759e425262', 12621),
('26c84927e6e1ea4aea3df379a7cdbd6483e8ad1af53c61de30878780f2ad178c', 12621),
('5439f89e650d3e0c1e2401ae9dae33db882ae46c847ea3cdcd0bb63afa77efad', 12621);

-- --------------------------------------------------------

--
-- Table structure for table `messages`
--

CREATE TABLE `messages` (
  `MessageID` int(40) NOT NULL,
  `GroupID` int(40) NOT NULL,
  `UserID` int(20) NOT NULL,
  `Content` longtext NOT NULL,
  `MessageTime` timestamp NOT NULL DEFAULT CURRENT_TIMESTAMP
) ENGINE=InnoDB DEFAULT CHARSET=utf8;

--
-- Dumping data for table `messages`
--

INSERT INTO `messages` (`MessageID`, `GroupID`, `UserID`, `Content`, `MessageTime`) VALUES
(21, 21, 12399, 'What do you guys think our next feature should be?', '2017-03-15 15:01:28'),
(31, 21, 12400, 'VR! i mean AR i mean lets hand it in first', '2017-03-15 15:01:56'),
(41, 31, 12400, 'Hey Guys where and when is the party?', '2017-03-15 15:28:46'),
(51, 31, 12399, 'Lets meet at the Union Bar at 7pm?', '2017-03-15 15:29:06'),
(61, 21, 12400, 'Is it quicker?', '2017-03-15 15:47:00'),
(71, 21, 12399, 'Yeah, Pano in AR and or VR would be awesome', '2017-03-15 16:57:32'),
(81, 21, 12400, 'this is going to populate the messages', '2017-03-15 17:00:06'),
(91, 21, 12400, 'Until', '2017-03-15 17:00:18'),
(101, 21, 12400, 'It', '2017-03-15 17:00:24'),
(111, 21, 12400, 'Is it quicker?', '2017-03-15 17:00:31'),
(121, 21, 12400, 'no', '2017-03-15 17:00:37'),
(131, 21, 12400, 'scrollable', '2017-03-15 17:00:43'),
(141, 21, 12400, 'hello', '2017-03-16 00:59:40'),
(151, 21, 12400, 'argh', '2017-03-16 02:25:35'),
(161, 31, 12402, 'Yeah, I will first go to lecture and study for a while. But see you guys there at 7 or so.', '2017-03-16 14:18:57'),
(171, 31, 12399, 'Yeah sounds good, what about you Florian?', '2017-03-16 14:19:45'),
(181, 31, 12401, 'Im always down :D', '2017-03-16 14:20:47'),
(191, 31, 12399, 'Awesome, see you guys later then to celebrate!', '2017-03-16 14:21:28'),
(201, 51, 12400, 'Hallo Schatz', '2017-03-16 17:05:37'),
(211, 21, 12399, 'Lol', '2017-03-16 23:08:57'),
(221, 21, 12403, 'Hehehe', '2017-03-16 23:10:03'),
(231, 21, 12401, 'lucas you\\\'re late', '2017-03-17 09:49:46'),
(241, 21, 12400, 'haha sorry florian', '2017-03-17 22:19:16'),
(251, 31, 12400, 'But when is the real party? ', '2017-03-18 09:02:09');

-- --------------------------------------------------------

--
-- Table structure for table `photocollectionsmapping`
--

CREATE TABLE `photocollectionsmapping` (
  `CollectionID` int(40) NOT NULL,
  `PostID` varchar(200) NOT NULL
) ENGINE=InnoDB DEFAULT CHARSET=utf8 ROW_FORMAT=COMPACT;

--
-- Dumping data for table `photocollectionsmapping`
--

INSERT INTO `photocollectionsmapping` (`CollectionID`, `PostID`) VALUES
(71, '00b44b388975d2cc8d8bc61ae1aac819920e5cfe8382b68f63fc1a753bfe7cc8'),
(51, '0d278ffdbe530bd974b044370b8daf5b47bf8ca38056ca0c4bd31518edbe3deb'),
(41, '203b535d95351031ccb715810a66f01900658c98238b45d26545cc6017245d72'),
(41, '21521ec2f92a9be2954cfc4877aff1a29ddaef90b1b361f894825c759e425262'),
(31, '220ee91147910b8f3df986f37dbf71579d041a154976a056361f6d8554a1ca00'),
(41, '26c84927e6e1ea4aea3df379a7cdbd6483e8ad1af53c61de30878780f2ad178c'),
(41, '35140ddb8a665b7161850a7a1208ac86e8f3a8af964aae7e08326f3cb13de34f'),
(61, '35140ddb8a665b7161850a7a1208ac86e8f3a8af964aae7e08326f3cb13de34f'),
(71, '410e82e1c0c8717804419aded78772653a96cd954d75f10fb91609096ad767fb'),
(21, '419f3aeffb143473b6da37674edee53b0d96e30c642f5a28fcac973c3696dd32'),
(71, '419f3aeffb143473b6da37674edee53b0d96e30c642f5a28fcac973c3696dd32'),
(21, '46406323d7d0bdfb699ea11af8512f858f6cce46900d45a0f5bceca6c0fa17c3'),
(31, '4fdd87030a34f848817205e45499d3445b2b3c33814f13fff261d684732bca03'),
(41, '5439f89e650d3e0c1e2401ae9dae33db882ae46c847ea3cdcd0bb63afa77efad'),
(41, '5c958b34ca7b4a40e99a0408f433ffe46163fd35ea07143ba8ba5eda8a82b10c'),
(21, '5ff17c0f982fb69aac825b9046edc49d51477bccb9b3663315f0c23d6b365fec'),
(21, '63717c224d273812f5f23e963b2b257ac7bf734ee9294d9ed698c1b4d514e877'),
(41, '637ca7e8f9d7695eb1e498711ac1e584a6446fa948c7ad7c9963bab17796de9a'),
(41, '66e482b6331c737b80f800d76538d212c18ddfb6eea053a9b7e63794183c2ada'),
(41, '7dffac2ae21f856b9c0e1b9a79855882aae022991f693ff97a4fcd2fedf58ac0'),
(41, '7eb6d83a52cfe675a73790fab912a95cf89d584336ec263da07fe58489e948e5'),
(61, '7eb6d83a52cfe675a73790fab912a95cf89d584336ec263da07fe58489e948e5'),
(71, '9141c08f01c6440e828a07ede59aeb44c7a57a8d59d4d94e3d411657a2d44b5a'),
(51, '922714de348cbf9f42a620264d69412d28911f6561e910bcb699c9f22f227871'),
(41, 'a1c9feb073d39ef4dd3205fb5cdfe0950bee97bd9fb15319d70539f6a3e24dc1'),
(51, 'b24dce732a6a60efb3c9fd1897b2d01bade838cf3f3428148476456233393733'),
(21, 'd5185f84b6d2b5d45233609b2a67feeeba4eb6f69c0de2f3bb1df7397aa62032'),
(71, 'e5ed03ababb5f0a058e5a72985379709f69efcac1d55b6303e52816da141151c'),
(51, 'e901072985df51ccfe0eb82a792290a85dba636a5cfb9e1e0aaa5c5bdaae4ca2'),
(51, 'f6a1e85f00ac0ce795788290d44d6ecaad3c1167ad7b4903840514320da71c9d');

-- --------------------------------------------------------

--
-- Table structure for table `posts`
--

CREATE TABLE `posts` (
  `PostID` varchar(200) NOT NULL,
  `UserID` int(20) NOT NULL,
  `PostText` text NOT NULL,
  `PostTime` timestamp NOT NULL DEFAULT CURRENT_TIMESTAMP,
  `PostLocation` varchar(150) NOT NULL
) ENGINE=InnoDB DEFAULT CHARSET=utf8;

--
-- Dumping data for table `posts`
--

INSERT INTO `posts` (`PostID`, `UserID`, `PostText`, `PostTime`, `PostLocation`) VALUES
('00b44b388975d2cc8d8bc61ae1aac819920e5cfe8382b68f63fc1a753bfe7cc8', 12400, '#sunset #schwarzwald #colors', '2017-03-15 21:45:04', 'Eschbach, Germany'),
('0819111dc1f7b79ae83f422df656c29bed203c8193273c9fb8626a4786a13164', 12401, 'Had a great dinner with mama Obst last Friday!', '2017-03-19 19:19:45', 'Sky Garden, London, United Kingdom'),
('0c56a3dc17fa04de9529b43dfbf7d6a60a6f261fc647c86aeba2a375604b5ad2', 12400, 'Largest Waterfall in the world #fozdeiguacu #agua #verde #argentinianside', '2017-03-15 14:52:47', 'foz do iguaçu - Cataratas del Iguazú, Posadas, Misiones Province, Argentina'),
('0d278ffdbe530bd974b044370b8daf5b47bf8ca38056ca0c4bd31518edbe3deb', 12399, '#ottawa #canda #parliament #capital', '2017-03-16 14:29:41', 'Ottawa, ON, Canada'),
('12fc56038c90a4fdd4c633f166089a3fdbea94e66a6f300c4536a733bff2e812', 12402, '#home', '2017-03-18 13:12:16', 'Bayern, Germany'),
('1ad477dfe87b97ae99c547729bd57262067cf1836174282b41fbf3eb08242e7e', 12400, '#Berlin #DickesB #views', '2017-03-17 22:11:33', 'Park Inn, Alexanderplatz, Berlin, Germany'),
('1db4cbdb2a97ebb1bc5958601044f336672cc6860dbd07c6c3eb7a9647d070af', 12401, 'Place to be <3', '2017-03-15 14:28:03', 'San Francisco, CA, United States'),
('203b535d95351031ccb715810a66f01900658c98238b45d26545cc6017245d72', 12399, '#malaysia #sunset #beautiful', '2017-03-16 11:34:06', 'Malacca, Malaysia'),
('21521ec2f92a9be2954cfc4877aff1a29ddaef90b1b361f894825c759e425262', 12399, '#sydney #australia #sea #bluesky', '2017-03-16 14:32:09', 'Sydney, New South Wales, Australia'),
('220ee91147910b8f3df986f37dbf71579d041a154976a056361f6d8554a1ca00', 12399, 'Hard at work pushing some final features before our initial release! #pano #panodev #hardatwork #thisiswherethemagichappens', '2017-03-15 17:04:04', 'West Green Road, London, United Kingdom'),
('24c3af149224b4a05e21654cffc927b2b6933e0d8d517cc5fed508498fb5079a', 12400, '#London #view #cheesegrater', '2017-03-19 21:02:08', 'Sky Garden, London, United Kingdom'),
('2699260e8c6481f9424530dffe0f9ebd91c95a37b14d5c30db3f20ccb795aec8', 12400, '#Maastricht #Sunset #fietsen', '2017-03-17 22:09:46', 'Sint-Pietersberg, Maastricht, Netherlands'),
('26c84927e6e1ea4aea3df379a7cdbd6483e8ad1af53c61de30878780f2ad178c', 12399, '#weclimbedamountain #nara #japan #mountain #nature', '2017-03-16 14:14:34', 'Nara, Nara Prefecture, Japan'),
('29420d4edd9d51b2bc0e297789e4c9e9db818c1253e9affa2680955ce3f263ae', 12402, '#hieronymusBosch', '2017-03-16 11:54:07', 'Berlin, Germany'),
('2f8d69f2862a734ceb1421adac5925c22b2200a13efde4df4cc121c71f4a99b2', 12401, '#studying #whereIsJohanTheSlacker', '2017-03-16 12:24:07', 'University College London, Gower Street, London, United Kingdom'),
('332bcef3d6acfe8cfddbdfa18d1ed56e44280efbf2e3963e414e9beefdeb6041', 12451, 'Russia in the morning #russia #snow #rostov #countryside', '2017-03-15 14:51:54', 'Rostov Oblast, Russia'),
('35140ddb8a665b7161850a7a1208ac86e8f3a8af964aae7e08326f3cb13de34f', 12399, '#cambodia #temples #symmetryornot #angkorthom #siemreap #dadsofpano', '2017-03-16 14:33:59', 'Angkor Thom, Krong Siem Reap, Siem Reap Province, Cambodia'),
('3574ae0035608d362e3230f07352059bc7cd6ef44055af96d0d4720a47968f08', 12402, '#coffee', '2017-03-18 13:10:49', 'Manizales, Caldas, Colombia'),
('410e82e1c0c8717804419aded78772653a96cd954d75f10fb91609096ad767fb', 12400, '#dubistsowunderbarBerlin #wow #Berlin #sunset', '2017-03-15 15:55:58', 'Warschauer Straße, Berlin, Germany'),
('419f3aeffb143473b6da37674edee53b0d96e30c642f5a28fcac973c3696dd32', 12400, 'Imagine this with a Caipirinha #lifegoals #beentheredonethat #sunset #salvador #brasil', '2017-03-15 15:01:13', 'Elevador Lacerda - Comercio, Salvador - State of Bahia, Brazil'),
('46406323d7d0bdfb699ea11af8512f858f6cce46900d45a0f5bceca6c0fa17c3', 12400, 'Can you believe this was taken in the middle of one of the biggest and most polluted cities in the world? #ibirapuera #SaoPaulo #brasil', '2017-03-15 15:50:13', 'Parque Ibirapuera, São Paulo - State of São Paulo, Brazil'),
('4fdd87030a34f848817205e45499d3445b2b3c33814f13fff261d684732bca03', 12399, 'We are live!  #pano #panodev #ucl #fostercourt #pizza', '2017-03-15 20:59:53', 'UCL, Gower Street, London, United Kingdom'),
('525f28a7c7bd944d81dbf2ee05888c16df76aabd63443ced4eb85baf6e7afa07', 12402, '#dunes', '2017-03-16 11:49:31', 'La Guajira, Colombia'),
('5439f89e650d3e0c1e2401ae9dae33db882ae46c847ea3cdcd0bb63afa77efad', 12399, '#toronto #torontoisland #beach #peaceful', '2017-03-16 14:31:08', 'Toronto Islands, Toronto, ON, Canada'),
('5885451bc96717c777f7834b9cda828916e7e3a2761d666f06ceddc095c09539', 12400, 'This is the view from Google\'s new office in London. Nice huh? #Google #London #cityview', '2017-03-17 20:39:05', 'Google, London, United Kingdom'),
('58cb4a8ba5a1b80ea2b83e83d077e2cb2c3a2a3af24263a58b20a947cd83a0d2', 12402, '#MachuPichu', '2017-03-18 13:09:18', 'Machu Picchu, Urubamba Province, Peru'),
('5c958b34ca7b4a40e99a0408f433ffe46163fd35ea07143ba8ba5eda8a82b10c', 12399, 'Amazing up close! #niagarafalls #canada #usa #waterfall', '2017-03-15 15:25:05', 'Niagara Falls, ON, Canada'),
('5ff17c0f982fb69aac825b9046edc49d51477bccb9b3663315f0c23d6b365fec', 12400, 'What a view!!!! #wandern #brasil #chapada #12hourwalkbutwediditinthree', '2017-03-15 14:56:47', 'Chapada Diamantina, Lençóis - State of Bahia, Brazil'),
('63717c224d273812f5f23e963b2b257ac7bf734ee9294d9ed698c1b4d514e877', 12400, 'Pão de Açúcar in its entirety - look closely to see the cableway #paodeacucar #maravilhoso #nossa #rio #brasil', '2017-03-15 14:43:26', 'Forte Duque de Caxias - Leme, Rio de Janeiro - State of Rio de Janeiro, Brazil'),
('637ca7e8f9d7695eb1e498711ac1e584a6446fa948c7ad7c9963bab17796de9a', 12399, '#thunderstorm #pulauubin #singapore', '2017-03-16 14:15:46', 'Pulau Ubin Singapore'),
('66e482b6331c737b80f800d76538d212c18ddfb6eea053a9b7e63794183c2ada', 12399, '#eyjafjallajokull #iceland #mountain #nature', '2017-03-16 10:53:40', 'Eyjafjallajökull, Iceland'),
('72ee51c846f4bf321848f7a7a29ee63ea46fa65a3e8edee284c1a4f432515f87', 12402, '#Colombia', '2017-03-16 11:48:23', 'Manizales - Antioquia, Colombia'),
('77191907466156f731a9e103701dbcd3e5da8aa0e680699ac87b590224adf0dd', 12402, '#guinessview', '2017-03-18 13:11:30', 'Dublin, Ireland'),
('7dffac2ae21f856b9c0e1b9a79855882aae022991f693ff97a4fcd2fedf58ac0', 12399, '#iceland #glacier #blacksand #cold #nature ', '2017-03-16 00:35:57', 'Iceland'),
('7eb6d83a52cfe675a73790fab912a95cf89d584336ec263da07fe58489e948e5', 12399, '#cambodia #temple', '2017-03-16 10:58:32', 'Siem Reap, Siem Reap Province, Cambodia'),
('8483cc93dbf02e41d33e958662539e27bdd02524d988d2e42a4cc9ba89539f74', 12432, '#footballl #wembley', '2017-03-17 13:20:20', 'Wembley Stadium, Wembley, United Kingdom'),
('9141c08f01c6440e828a07ede59aeb44c7a57a8d59d4d94e3d411657a2d44b5a', 12400, '#thisislife #sunset #edinburgh', '2017-03-15 21:40:52', 'Edinburgh, United Kingdom'),
('922714de348cbf9f42a620264d69412d28911f6561e910bcb699c9f22f227871', 12399, '#toronto #icerink #snow #cold #sunset #cntower', '2017-03-16 00:51:47', 'Toronto, ON, Canada'),
('a1c9feb073d39ef4dd3205fb5cdfe0950bee97bd9fb15319d70539f6a3e24dc1', 12399, 'Throwback to 2014 #bali #indonesia #beautiful #summer #volcanoes #lakes ', '2017-03-15 14:40:42', 'Bali, Indonesia'),
('b24dce732a6a60efb3c9fd1897b2d01bade838cf3f3428148476456233393733', 12399, '#socold #montreal #canada #topofthehill #winter #snow', '2017-03-15 15:27:31', 'Montreal, QC, Canada'),
('b68a1f3b7304486b1cdde34143b0989d05eaef37d8cfa2a1b0ecae18e030bbc5', 12399, '#oldtrafford #manchester #manchesterunited', '2017-03-15 14:22:43', 'Manchester, United Kingdom'),
('bb13714655f80935962757e687446fdfa54a224eefc45936d4e11bae68586348', 12400, '#defyinggravity', '2017-03-20 10:54:31', 'Sky Garden, Londres, Reino Unido'),
('bd31e73aea5b203ec01e1dc0b3d178b0e4c8e93f268f70de1fc1fb36d14e5710', 12402, '#dublinByTheSea', '2017-03-18 13:14:30', 'Howth, Dublin, Ireland'),
('c2df9b083c03bd5a2741646717d1f52ed92fe346d532472cb98dc8bb9fbc76f9', 12400, 'Best view in Rio #rio #brasil #maravilhoso', '2017-03-17 13:08:28', 'Tijuca Forest - Cidade Nova, Rio de Janeiro - State of Rio de Janeiro, Brazil'),
('c3251e7a5a4d376c78acf3a2319eb1d88cbcb6d8aac166d0d77826282abc965a', 12402, '#pablito ', '2017-03-16 11:52:08', 'Ciudad Perdida - Magdalena, Colombia'),
('d5185f84b6d2b5d45233609b2a67feeeba4eb6f69c0de2f3bb1df7397aa62032', 12400, 'One of the best views in Rio #brasil #rio #copacabana #paraiso', '2017-03-15 14:40:51', 'Forte Duque de Caxias - Leme, Rio de Janeiro - State of Rio de Janeiro, Brazil'),
('e3b29669e98c6e3c67b5bee6b1a596add0e813e630acbcb59c266c428c8b9bfe', 12400, 'Typical weather in Hamburg #billionsinthebackground', '2017-03-15 15:52:25', 'Elbphilharmonie Hamburg, Platz der Deutschen Einheit, Hamburg, Germany'),
('e45365e6b482a0b2d19f0c1e71e4e87c4ffb356f7858c7fd52edd07d54fba02b', 12400, 'Different Perspective #london', '2017-03-20 10:52:31', 'Sky Garden, Londres, Reino Unido'),
('e5ed03ababb5f0a058e5a72985379709f69efcac1d55b6303e52816da141151c', 12400, 'Maastricht\'s main plaza in late summer #Maastricht #SBE #vrijthof #bitterballen', '2017-03-15 14:46:15', 'Vrijthof, Maastricht, Netherlands'),
('e901072985df51ccfe0eb82a792290a85dba636a5cfb9e1e0aaa5c5bdaae4ca2', 12399, '#sydney ', '2017-03-15 15:52:38', 'Sydney, New South Wales, Australia'),
('f4c8679f5500011f7e16af851a58f6869f3f267683e13a39ae1127150667383a', 12591, 'A view of Singapore National Art Gallery', '2017-03-18 12:57:15', 'Singapore'),
('f6a1e85f00ac0ce795788290d44d6ecaad3c1167ad7b4903840514320da71c9d', 12399, '#ucl #mainquad #london', '2017-03-16 13:22:27', 'UCL, Gower Street, London, United Kingdom');

-- --------------------------------------------------------

--
-- Table structure for table `privacysettings`
--

CREATE TABLE `privacysettings` (
  `SettingID` int(5) NOT NULL,
  `Description` varchar(100) NOT NULL
) ENGINE=InnoDB DEFAULT CHARSET=utf8 ROW_FORMAT=COMPACT;

--
-- Dumping data for table `privacysettings`
--

INSERT INTO `privacysettings` (`SettingID`, `Description`) VALUES
(1, 'Friends Only'),
(2, 'Friends of Friends'),
(3, 'Public'),
(4, 'With a Group Only');

-- --------------------------------------------------------

--
-- Table structure for table `tags`
--

CREATE TABLE `tags` (
  `TagID` int(20) NOT NULL,
  `TagName` varchar(50) NOT NULL
) ENGINE=InnoDB DEFAULT CHARSET=utf8;

--
-- Dumping data for table `tags`
--

INSERT INTO `tags` (`TagID`, `TagName`) VALUES
(381, '#12hourwalkbutwediditinthree'),
(321, '#agua'),
(1441, '#angkorthom'),
(341, '#argentinianside'),
(1381, '#australia'),
(131, '#bali'),
(1351, '#beach'),
(151, '#beautiful'),
(401, '#beentheredonethat'),
(611, '#berlin'),
(571, '#billionsinthebackground'),
(261, '#bitterballen'),
(801, '#blacksand'),
(1401, '#bluesky'),
(191, '#brasil'),
(1021, '#cambodia'),
(1731, '#camden'),
(1741, '#camdenlock'),
(1841, '#camdentown'),
(451, '#canada'),
(1851, '#canalcafe'),
(1301, '#canda'),
(911, '#cantsayit'),
(1321, '#capital'),
(371, '#chapada'),
(1781, '#cheesegrater'),
(1541, '#citiview'),
(1571, '#cityview'),
(881, '#cntower'),
(1661, '#coffe'),
(1671, '#coffee'),
(811, '#cold'),
(1111, '#colombia'),
(771, '#colors'),
(211, '#copacabana'),
(301, '#countryside'),
(1461, '#dadsofpano'),
(1831, '#defyinggravity'),
(1621, '#dickesb'),
(591, '#dubistsowunderbarberlin'),
(1711, '#dublinbythesea'),
(1051, '#dunes'),
(741, '#edinburgh'),
(891, '#eyjafjallajokull'),
(1601, '#fietsen'),
(1501, '#footballl'),
(701, '#fostercourt'),
(311, '#fozdeiguacu'),
(791, '#glacier'),
(1521, '#google'),
(1681, '#guinessview'),
(651, '#hardatwork'),
(1061, '#hieronymusbosch'),
(1682, '#home'),
(541, '#ibirapuera'),
(781, '#iceland'),
(841, '#icerink'),
(141, '#indonesia'),
(1231, '#japan'),
(1041, '#laguajira'),
(181, '#lakes'),
(391, '#lifegoals'),
(1201, '#london'),
(231, '#maastricht'),
(1641, '#machupichu'),
(1191, '#mainquad'),
(1081, '#malaysia'),
(71, '#manchester'),
(81, '#manchesterunited'),
(1491, '#maravilhoso'),
(491, '#montreal'),
(1001, '#mountain'),
(931, '#mountains'),
(1221, '#nara'),
(821, '#nature'),
(441, '#niagarafalls'),
(121, '#nighttime'),
(951, '#noclouds'),
(61, '#oldtrafford'),
(1291, '#ottawa'),
(1131, '#pablito'),
(631, '#pano'),
(641, '#panodev'),
(221, '#paraiso'),
(1311, '#parliament'),
(1361, '#peaceful'),
(961, '#perfect'),
(711, '#pizza'),
(1271, '#pulauubin'),
(201, '#rio'),
(291, '#rostov'),
(271, '#russia'),
(421, '#salvador'),
(551, '#saopaulo'),
(241, '#sbe'),
(761, '#schwarzwald'),
(1391, '#sea'),
(1451, '#siemreap'),
(1281, '#singapore'),
(111, '#skyline'),
(281, '#snow'),
(481, '#socold'),
(1161, '#studying'),
(161, '#summer'),
(1751, '#sundaynights'),
(411, '#sunset'),
(1071, '#surrealist'),
(91, '#sydney'),
(101, '#sydneyharbourbridge'),
(1431, '#symmetryornot'),
(1031, '#temple'),
(1421, '#temples'),
(721, '#thisislife'),
(661, '#thisiswherethemagichappens'),
(1261, '#thunderstorm'),
(511, '#topofthehill'),
(831, '#toronto'),
(1341, '#torontoisland'),
(691, '#ucl'),
(461, '#usa'),
(331, '#verde'),
(1771, '#view'),
(1631, '#views'),
(171, '#volcanoes'),
(251, '#vrijthof'),
(351, '#wandern'),
(471, '#waterfall'),
(971, '#weather'),
(1211, '#weclimbedamountain'),
(1511, '#wembley'),
(1171, '#whereisjohantheslacker'),
(521, '#winter'),
(601, '#wow');

-- --------------------------------------------------------

--
-- Table structure for table `tagspostsmapping`
--

CREATE TABLE `tagspostsmapping` (
  `TagID` int(20) NOT NULL,
  `PostID` varchar(200) NOT NULL
) ENGINE=InnoDB DEFAULT CHARSET=utf8;

--
-- Dumping data for table `tagspostsmapping`
--

INSERT INTO `tagspostsmapping` (`TagID`, `PostID`) VALUES
(411, '00b44b388975d2cc8d8bc61ae1aac819920e5cfe8382b68f63fc1a753bfe7cc8'),
(761, '00b44b388975d2cc8d8bc61ae1aac819920e5cfe8382b68f63fc1a753bfe7cc8'),
(771, '00b44b388975d2cc8d8bc61ae1aac819920e5cfe8382b68f63fc1a753bfe7cc8'),
(311, '0c56a3dc17fa04de9529b43dfbf7d6a60a6f261fc647c86aeba2a375604b5ad2'),
(321, '0c56a3dc17fa04de9529b43dfbf7d6a60a6f261fc647c86aeba2a375604b5ad2'),
(331, '0c56a3dc17fa04de9529b43dfbf7d6a60a6f261fc647c86aeba2a375604b5ad2'),
(341, '0c56a3dc17fa04de9529b43dfbf7d6a60a6f261fc647c86aeba2a375604b5ad2'),
(1291, '0d278ffdbe530bd974b044370b8daf5b47bf8ca38056ca0c4bd31518edbe3deb'),
(1301, '0d278ffdbe530bd974b044370b8daf5b47bf8ca38056ca0c4bd31518edbe3deb'),
(1311, '0d278ffdbe530bd974b044370b8daf5b47bf8ca38056ca0c4bd31518edbe3deb'),
(1321, '0d278ffdbe530bd974b044370b8daf5b47bf8ca38056ca0c4bd31518edbe3deb'),
(1682, '12fc56038c90a4fdd4c633f166089a3fdbea94e66a6f300c4536a733bff2e812'),
(611, '1ad477dfe87b97ae99c547729bd57262067cf1836174282b41fbf3eb08242e7e'),
(1621, '1ad477dfe87b97ae99c547729bd57262067cf1836174282b41fbf3eb08242e7e'),
(1631, '1ad477dfe87b97ae99c547729bd57262067cf1836174282b41fbf3eb08242e7e'),
(151, '203b535d95351031ccb715810a66f01900658c98238b45d26545cc6017245d72'),
(411, '203b535d95351031ccb715810a66f01900658c98238b45d26545cc6017245d72'),
(1081, '203b535d95351031ccb715810a66f01900658c98238b45d26545cc6017245d72'),
(631, '220ee91147910b8f3df986f37dbf71579d041a154976a056361f6d8554a1ca00'),
(641, '220ee91147910b8f3df986f37dbf71579d041a154976a056361f6d8554a1ca00'),
(651, '220ee91147910b8f3df986f37dbf71579d041a154976a056361f6d8554a1ca00'),
(661, '220ee91147910b8f3df986f37dbf71579d041a154976a056361f6d8554a1ca00'),
(1201, '24c3af149224b4a05e21654cffc927b2b6933e0d8d517cc5fed508498fb5079a'),
(1771, '24c3af149224b4a05e21654cffc927b2b6933e0d8d517cc5fed508498fb5079a'),
(1781, '24c3af149224b4a05e21654cffc927b2b6933e0d8d517cc5fed508498fb5079a'),
(231, '2699260e8c6481f9424530dffe0f9ebd91c95a37b14d5c30db3f20ccb795aec8'),
(411, '2699260e8c6481f9424530dffe0f9ebd91c95a37b14d5c30db3f20ccb795aec8'),
(1601, '2699260e8c6481f9424530dffe0f9ebd91c95a37b14d5c30db3f20ccb795aec8'),
(821, '26c84927e6e1ea4aea3df379a7cdbd6483e8ad1af53c61de30878780f2ad178c'),
(1001, '26c84927e6e1ea4aea3df379a7cdbd6483e8ad1af53c61de30878780f2ad178c'),
(1211, '26c84927e6e1ea4aea3df379a7cdbd6483e8ad1af53c61de30878780f2ad178c'),
(1221, '26c84927e6e1ea4aea3df379a7cdbd6483e8ad1af53c61de30878780f2ad178c'),
(1231, '26c84927e6e1ea4aea3df379a7cdbd6483e8ad1af53c61de30878780f2ad178c'),
(1161, '2f8d69f2862a734ceb1421adac5925c22b2200a13efde4df4cc121c71f4a99b2'),
(1171, '2f8d69f2862a734ceb1421adac5925c22b2200a13efde4df4cc121c71f4a99b2'),
(271, '332bcef3d6acfe8cfddbdfa18d1ed56e44280efbf2e3963e414e9beefdeb6041'),
(281, '332bcef3d6acfe8cfddbdfa18d1ed56e44280efbf2e3963e414e9beefdeb6041'),
(291, '332bcef3d6acfe8cfddbdfa18d1ed56e44280efbf2e3963e414e9beefdeb6041'),
(301, '332bcef3d6acfe8cfddbdfa18d1ed56e44280efbf2e3963e414e9beefdeb6041'),
(1021, '35140ddb8a665b7161850a7a1208ac86e8f3a8af964aae7e08326f3cb13de34f'),
(1421, '35140ddb8a665b7161850a7a1208ac86e8f3a8af964aae7e08326f3cb13de34f'),
(1431, '35140ddb8a665b7161850a7a1208ac86e8f3a8af964aae7e08326f3cb13de34f'),
(1441, '35140ddb8a665b7161850a7a1208ac86e8f3a8af964aae7e08326f3cb13de34f'),
(1451, '35140ddb8a665b7161850a7a1208ac86e8f3a8af964aae7e08326f3cb13de34f'),
(1461, '35140ddb8a665b7161850a7a1208ac86e8f3a8af964aae7e08326f3cb13de34f'),
(1671, '3574ae0035608d362e3230f07352059bc7cd6ef44055af96d0d4720a47968f08'),
(411, '410e82e1c0c8717804419aded78772653a96cd954d75f10fb91609096ad767fb'),
(591, '410e82e1c0c8717804419aded78772653a96cd954d75f10fb91609096ad767fb'),
(601, '410e82e1c0c8717804419aded78772653a96cd954d75f10fb91609096ad767fb'),
(611, '410e82e1c0c8717804419aded78772653a96cd954d75f10fb91609096ad767fb'),
(191, '419f3aeffb143473b6da37674edee53b0d96e30c642f5a28fcac973c3696dd32'),
(391, '419f3aeffb143473b6da37674edee53b0d96e30c642f5a28fcac973c3696dd32'),
(401, '419f3aeffb143473b6da37674edee53b0d96e30c642f5a28fcac973c3696dd32'),
(411, '419f3aeffb143473b6da37674edee53b0d96e30c642f5a28fcac973c3696dd32'),
(421, '419f3aeffb143473b6da37674edee53b0d96e30c642f5a28fcac973c3696dd32'),
(191, '46406323d7d0bdfb699ea11af8512f858f6cce46900d45a0f5bceca6c0fa17c3'),
(541, '46406323d7d0bdfb699ea11af8512f858f6cce46900d45a0f5bceca6c0fa17c3'),
(551, '46406323d7d0bdfb699ea11af8512f858f6cce46900d45a0f5bceca6c0fa17c3'),
(631, '4fdd87030a34f848817205e45499d3445b2b3c33814f13fff261d684732bca03'),
(641, '4fdd87030a34f848817205e45499d3445b2b3c33814f13fff261d684732bca03'),
(691, '4fdd87030a34f848817205e45499d3445b2b3c33814f13fff261d684732bca03'),
(701, '4fdd87030a34f848817205e45499d3445b2b3c33814f13fff261d684732bca03'),
(711, '4fdd87030a34f848817205e45499d3445b2b3c33814f13fff261d684732bca03'),
(1051, '525f28a7c7bd944d81dbf2ee05888c16df76aabd63443ced4eb85baf6e7afa07'),
(831, '5439f89e650d3e0c1e2401ae9dae33db882ae46c847ea3cdcd0bb63afa77efad'),
(1341, '5439f89e650d3e0c1e2401ae9dae33db882ae46c847ea3cdcd0bb63afa77efad'),
(1351, '5439f89e650d3e0c1e2401ae9dae33db882ae46c847ea3cdcd0bb63afa77efad'),
(1361, '5439f89e650d3e0c1e2401ae9dae33db882ae46c847ea3cdcd0bb63afa77efad'),
(1201, '5885451bc96717c777f7834b9cda828916e7e3a2761d666f06ceddc095c09539'),
(1521, '5885451bc96717c777f7834b9cda828916e7e3a2761d666f06ceddc095c09539'),
(1571, '5885451bc96717c777f7834b9cda828916e7e3a2761d666f06ceddc095c09539'),
(1641, '58cb4a8ba5a1b80ea2b83e83d077e2cb2c3a2a3af24263a58b20a947cd83a0d2'),
(441, '5c958b34ca7b4a40e99a0408f433ffe46163fd35ea07143ba8ba5eda8a82b10c'),
(451, '5c958b34ca7b4a40e99a0408f433ffe46163fd35ea07143ba8ba5eda8a82b10c'),
(461, '5c958b34ca7b4a40e99a0408f433ffe46163fd35ea07143ba8ba5eda8a82b10c'),
(471, '5c958b34ca7b4a40e99a0408f433ffe46163fd35ea07143ba8ba5eda8a82b10c'),
(191, '5ff17c0f982fb69aac825b9046edc49d51477bccb9b3663315f0c23d6b365fec'),
(351, '5ff17c0f982fb69aac825b9046edc49d51477bccb9b3663315f0c23d6b365fec'),
(371, '5ff17c0f982fb69aac825b9046edc49d51477bccb9b3663315f0c23d6b365fec'),
(381, '5ff17c0f982fb69aac825b9046edc49d51477bccb9b3663315f0c23d6b365fec'),
(1261, '637ca7e8f9d7695eb1e498711ac1e584a6446fa948c7ad7c9963bab17796de9a'),
(1271, '637ca7e8f9d7695eb1e498711ac1e584a6446fa948c7ad7c9963bab17796de9a'),
(1281, '637ca7e8f9d7695eb1e498711ac1e584a6446fa948c7ad7c9963bab17796de9a'),
(781, '66e482b6331c737b80f800d76538d212c18ddfb6eea053a9b7e63794183c2ada'),
(821, '66e482b6331c737b80f800d76538d212c18ddfb6eea053a9b7e63794183c2ada'),
(891, '66e482b6331c737b80f800d76538d212c18ddfb6eea053a9b7e63794183c2ada'),
(1001, '66e482b6331c737b80f800d76538d212c18ddfb6eea053a9b7e63794183c2ada'),
(1111, '72ee51c846f4bf321848f7a7a29ee63ea46fa65a3e8edee284c1a4f432515f87'),
(1681, '77191907466156f731a9e103701dbcd3e5da8aa0e680699ac87b590224adf0dd'),
(781, '7dffac2ae21f856b9c0e1b9a79855882aae022991f693ff97a4fcd2fedf58ac0'),
(791, '7dffac2ae21f856b9c0e1b9a79855882aae022991f693ff97a4fcd2fedf58ac0'),
(801, '7dffac2ae21f856b9c0e1b9a79855882aae022991f693ff97a4fcd2fedf58ac0'),
(811, '7dffac2ae21f856b9c0e1b9a79855882aae022991f693ff97a4fcd2fedf58ac0'),
(821, '7dffac2ae21f856b9c0e1b9a79855882aae022991f693ff97a4fcd2fedf58ac0'),
(1021, '7eb6d83a52cfe675a73790fab912a95cf89d584336ec263da07fe58489e948e5'),
(1031, '7eb6d83a52cfe675a73790fab912a95cf89d584336ec263da07fe58489e948e5'),
(1501, '8483cc93dbf02e41d33e958662539e27bdd02524d988d2e42a4cc9ba89539f74'),
(1511, '8483cc93dbf02e41d33e958662539e27bdd02524d988d2e42a4cc9ba89539f74'),
(411, '9141c08f01c6440e828a07ede59aeb44c7a57a8d59d4d94e3d411657a2d44b5a'),
(721, '9141c08f01c6440e828a07ede59aeb44c7a57a8d59d4d94e3d411657a2d44b5a'),
(741, '9141c08f01c6440e828a07ede59aeb44c7a57a8d59d4d94e3d411657a2d44b5a'),
(281, '922714de348cbf9f42a620264d69412d28911f6561e910bcb699c9f22f227871'),
(411, '922714de348cbf9f42a620264d69412d28911f6561e910bcb699c9f22f227871'),
(811, '922714de348cbf9f42a620264d69412d28911f6561e910bcb699c9f22f227871'),
(831, '922714de348cbf9f42a620264d69412d28911f6561e910bcb699c9f22f227871'),
(841, '922714de348cbf9f42a620264d69412d28911f6561e910bcb699c9f22f227871'),
(881, '922714de348cbf9f42a620264d69412d28911f6561e910bcb699c9f22f227871'),
(131, 'a1c9feb073d39ef4dd3205fb5cdfe0950bee97bd9fb15319d70539f6a3e24dc1'),
(141, 'a1c9feb073d39ef4dd3205fb5cdfe0950bee97bd9fb15319d70539f6a3e24dc1'),
(151, 'a1c9feb073d39ef4dd3205fb5cdfe0950bee97bd9fb15319d70539f6a3e24dc1'),
(161, 'a1c9feb073d39ef4dd3205fb5cdfe0950bee97bd9fb15319d70539f6a3e24dc1'),
(171, 'a1c9feb073d39ef4dd3205fb5cdfe0950bee97bd9fb15319d70539f6a3e24dc1'),
(181, 'a1c9feb073d39ef4dd3205fb5cdfe0950bee97bd9fb15319d70539f6a3e24dc1'),
(281, 'b24dce732a6a60efb3c9fd1897b2d01bade838cf3f3428148476456233393733'),
(451, 'b24dce732a6a60efb3c9fd1897b2d01bade838cf3f3428148476456233393733'),
(481, 'b24dce732a6a60efb3c9fd1897b2d01bade838cf3f3428148476456233393733'),
(491, 'b24dce732a6a60efb3c9fd1897b2d01bade838cf3f3428148476456233393733'),
(511, 'b24dce732a6a60efb3c9fd1897b2d01bade838cf3f3428148476456233393733'),
(521, 'b24dce732a6a60efb3c9fd1897b2d01bade838cf3f3428148476456233393733'),
(61, 'b68a1f3b7304486b1cdde34143b0989d05eaef37d8cfa2a1b0ecae18e030bbc5'),
(71, 'b68a1f3b7304486b1cdde34143b0989d05eaef37d8cfa2a1b0ecae18e030bbc5'),
(81, 'b68a1f3b7304486b1cdde34143b0989d05eaef37d8cfa2a1b0ecae18e030bbc5'),
(1831, 'bb13714655f80935962757e687446fdfa54a224eefc45936d4e11bae68586348'),
(1711, 'bd31e73aea5b203ec01e1dc0b3d178b0e4c8e93f268f70de1fc1fb36d14e5710'),
(191, 'c2df9b083c03bd5a2741646717d1f52ed92fe346d532472cb98dc8bb9fbc76f9'),
(201, 'c2df9b083c03bd5a2741646717d1f52ed92fe346d532472cb98dc8bb9fbc76f9'),
(1491, 'c2df9b083c03bd5a2741646717d1f52ed92fe346d532472cb98dc8bb9fbc76f9'),
(1131, 'c3251e7a5a4d376c78acf3a2319eb1d88cbcb6d8aac166d0d77826282abc965a'),
(191, 'd5185f84b6d2b5d45233609b2a67feeeba4eb6f69c0de2f3bb1df7397aa62032'),
(201, 'd5185f84b6d2b5d45233609b2a67feeeba4eb6f69c0de2f3bb1df7397aa62032'),
(211, 'd5185f84b6d2b5d45233609b2a67feeeba4eb6f69c0de2f3bb1df7397aa62032'),
(221, 'd5185f84b6d2b5d45233609b2a67feeeba4eb6f69c0de2f3bb1df7397aa62032'),
(571, 'e3b29669e98c6e3c67b5bee6b1a596add0e813e630acbcb59c266c428c8b9bfe'),
(1201, 'e45365e6b482a0b2d19f0c1e71e4e87c4ffb356f7858c7fd52edd07d54fba02b'),
(231, 'e5ed03ababb5f0a058e5a72985379709f69efcac1d55b6303e52816da141151c'),
(241, 'e5ed03ababb5f0a058e5a72985379709f69efcac1d55b6303e52816da141151c'),
(251, 'e5ed03ababb5f0a058e5a72985379709f69efcac1d55b6303e52816da141151c'),
(261, 'e5ed03ababb5f0a058e5a72985379709f69efcac1d55b6303e52816da141151c'),
(91, 'e901072985df51ccfe0eb82a792290a85dba636a5cfb9e1e0aaa5c5bdaae4ca2'),
(691, 'f6a1e85f00ac0ce795788290d44d6ecaad3c1167ad7b4903840514320da71c9d'),
(1191, 'f6a1e85f00ac0ce795788290d44d6ecaad3c1167ad7b4903840514320da71c9d'),
(1201, 'f6a1e85f00ac0ce795788290d44d6ecaad3c1167ad7b4903840514320da71c9d');

-- --------------------------------------------------------

--
-- Table structure for table `user`
--

CREATE TABLE `user` (
  `UserID` int(20) NOT NULL,
  `FirstName` varchar(30) NOT NULL,
  `LastName` varchar(30) NOT NULL,
  `UserName` varchar(30) NOT NULL,
  `EmailAddress` varchar(80) NOT NULL,
  `Password` char(64) NOT NULL,
  `Location` varchar(150) NOT NULL,
  `ShortDescrip` varchar(150) NOT NULL,
  `DateCreated` timestamp NOT NULL DEFAULT CURRENT_TIMESTAMP,
  `SettingID` int(5) NOT NULL DEFAULT '3',
  `ProfilePictureID` varchar(200) DEFAULT '0'
) ENGINE=InnoDB DEFAULT CHARSET=utf8;

--
-- Dumping data for table `user`
--

INSERT INTO `user` (`UserID`, `FirstName`, `LastName`, `UserName`, `EmailAddress`, `Password`, `Location`, `ShortDescrip`, `DateCreated`, `SettingID`, `ProfilePictureID`) VALUES
(12399, 'Li', 'Xie', 'Liko', 'liko@mail.com', '$2y$10$SW1DWeNQuLcFdbWs2PgXiO5VqCrUDdzJ173sEi/tLmL9oWsXWmI4G', 'London, United Kingdom', ' Hey! Lets talk about Pano!', '2017-02-21 18:24:29', 2, '12399'),
(12400, 'Lucas', 'Valtl', 'Lucas', 'lucas@pano.com', '$2y$10$KZHC1VBrAWtUZJPrcwyb9uL1TWIwJqP9FIYT7O2k4BNvK5PX8ZYay', 'London', 'I hope you like it here', '2017-02-21 18:25:19', 3, '12400'),
(12401, 'Florian', 'Obst', 'Florian', 'florian@pano.com', '$2y$10$JCCx7lZflspi.B55V7j8bOEuJG.gM1MlpeQbrZDeYiT8oh0MLRm2m', 'London', 'Go Pano Go', '2017-02-21 18:25:47', 3, '12401'),
(12402, 'Johannes', 'Landgraf', 'Johannes', 'johannes@pano.com', '$2y$10$6Bq0sco8ddlwFUy47oNAA.Nm.QvD7wmMtYaA.z6iuRsjLOOLyHWHm', 'London', 'Pano is great', '2017-02-21 18:26:32', 3, '12402'),
(12403, 'Noob', 'Master', 'Noob123', 'noob@mail.com', '$2y$10$bfqBPR5mPB0nuuY4SAEOo.M090R/7Q3x/b/N10T5Hpkku7U3kcLfG', 'London', 'I am a noob', '2017-02-22 22:57:13', 3, '0'),
(12404, 'Secret', 'Guy', 'PanoMaster', 'pano@mail.com', '$2y$10$ty.2qdk5XT4G0JKIPep5VeLmYeeOF4qA.0CzerybEIauymnIGIzHa', 'Manchester', 'I am just a test account. Nothing special here really.', '2017-03-03 19:22:06', 3, '12404'),
(12405, 'John', 'Smith', 'braveAsian', 'brave@brave.com', '$2y$10$uIqDRSHJcUTOKoClHm4pH.R46lAjMea.bJTbLqHbGkFnP8Wk/jWIm', 'Hawaii', 'I killed a lion once', '2017-03-03 19:28:37', 3, '0'),
(12406, 'Samuel', 'Yoloman', 'yolo_merchant', 'yolo@yolo.com', '$2y$10$24/4oboKR4gqDakyRHr1MejMpXjAmdGhWIziY2fV0bxtXq4HtTeCq', 'Edinburgh', 'I buy and sell yolo', '2017-03-03 19:50:23', 3, '0'),
(12407, 'Max', 'Power', 'power_ranger246', 'power@power.com', '$2y$10$82YF6Km3trd/N3Q./ZKHt.cZduYyiFu2yXj2EAICXzhCzLNu./jk2', 'Reading', 'I like power rangers', '2017-03-03 19:52:31', 3, '0'),
(12408, 'Crash', 'Bandicoot', 'CrashBandicoot', 'crash@crash.com', '$2y$10$hTY.hC9Zr.wzkVRfCMVhMeHbtjtqhufX/AU.YP5JdZypyAKwy/sGO', 'CrashLand', 'I have a remake coming out soon!', '2017-03-03 19:54:34', 3, '12408'),
(12409, 'Ghost', 'Sniper', 'ghostsniper64', 'ghosty@snipes.com', '$2y$10$JK3i/3aFD2GzQdOU5QUi6u44NPvau6jBwfF4UpT/ZCed/8cVPf96a', 'London', 'I hide in the grass and wait for people to come out of cover.', '2017-03-03 20:02:49', 3, '0'),
(12410, 'Daniel', 'Hernandez', 'SuperSuperMario', 'supermario@supermail.com', '$2y$10$/BwLMoyPhfcEpfIshpJux.V0QBLj6tio5lWok.kF6gLlovP6ecpAi', 'Paris', 'Hi Im Daniel Hernandez, and I love photography. Pano is great!', '2017-03-04 15:49:00', 3, '0'),
(12411, 'Harry', 'Johnson', 'GreatElephant_gal', 'GreatElephant_gal@master.com', '$2y$10$oAXkitKKp8J8xMOXYj/34uzHMc1vL4ljNY8uMsYP7vh.Yx8VDp3gy', 'Manchester', 'Hi Im Harry Johnson, and I love photography. Pano is great!', '2017-03-04 15:49:00', 3, '0'),
(12412, 'Michelle', 'Andersen', 'SleepySpeaker123', 'SleepySpeaker123@panoapp.com', '$2y$10$Yb.GLoF0j/DSu4GHKTx.EuCaAcCuJoAJHNyITWjr3hWvbRjs9.H5S', 'Manchester', 'Hi Im Michelle Andersen, and I love photography. Pano is great!', '2017-03-04 15:49:01', 3, '0'),
(12413, 'Harry', 'Zhao', 'SneakyBowl', 'SneakyBowl@ok.com', '$2y$10$KdoT.k5gUvSDr2EYhrS5fO3uNH.wq7QRMJ.B0KctJrlAWeHogptvm', 'Milan', 'Hi Im Harry Zhao, and I love photography. Pano is great!', '2017-03-04 15:49:01', 3, '0'),
(12414, 'Michelle', 'Gunaydin', 'SleepyTuna', 'SleepyTuna@ok.com', '$2y$10$ynszWRXh4wjeEnqFxJ.0w.7.IqG37l.e3muy01JEWLMkhjI2XBcLm', 'Berlin', 'Hi Im Michelle Gunaydin, and I love photography. Pano is great!', '2017-03-04 15:49:01', 3, '0'),
(12415, 'Andrew', 'Lee', 'SpecialDinosaur246', 'SpecialDinosaur246@lol.com', '$2y$10$Z.tMlyWSrOXXSPqC5zHCKumDyGf1oEq8bdtP.J2Vi4obWk2Ab0fZK', 'Berlin', 'Hi Im Andrew Lee, and I love photography. Pano is great!', '2017-03-04 17:41:05', 3, '0'),
(12416, 'Jess', 'Nguyen', 'SneakyBowl666', 'SneakyBowl666@ucl.ac.uk', '$2y$10$ZNL1ghJVZNazi5UzgQpksOJQ8xl9/gKawez0D4evHEOLIqwwwTxaO', 'Montreal', 'Hi Im Jess Nguyen, and I love photography. Pano is great!', '2017-03-04 17:41:05', 3, '0'),
(12417, 'Peter', 'Nguyen', 'FaultedDinosaur', 'FaultedDinosaur@lol.com', '$2y$10$.yrKEyyor5V566fZQJ3LiuKYx1663ssKtjX0/S2ozyTmQAtnvIAxi', 'Dublin', 'Hi Im Peter Nguyen, and I love photography. Pano is great!', '2017-03-04 17:41:06', 3, '0'),
(12418, 'Sarah', 'Kuznetzov', 'Sneakymonster', 'Sneakymonster@ucl.ac.uk', '$2y$10$cF8bJRyWrSbqQxiDFQ0MJuEyP6GM3Gi/Ij9wtSMf1qZf3KpQn.vAG', 'Belfast', 'Hi Im Sarah Kuznetzov, and I love photography. Pano is great!', '2017-03-04 17:41:06', 3, '0'),
(12419, 'Claire', 'Johnson', 'A_Snake', 'A_Snake@panoapp.com', '$2y$10$CA7tYdn05nhzH.NcOihWYeq3BTI1wlU3n3D4RrY6zLZd5IZS1HYla', 'Paris', 'Hi Im Claire Johnson, and I love photography. Pano is great!', '2017-03-04 17:41:06', 3, '0'),
(12420, 'Peter', 'Muller', 'DragonTuna246', 'DragonTuna246@lol.com', '$2y$10$q6jhAS4yjspxMeS6kexptOAY5hkjBOZpHF8RpwTzQf/QVuybxpEDq', 'Birmingham', 'Hi Im Peter Muller, and I love photography. Pano is great!', '2017-03-04 17:41:07', 3, '0'),
(12421, 'Daniel', 'Kuznetzov', 'AngryBookLass', 'AngryBookLass@panoapp.com', '$2y$10$YvVCoTLquPP4f/eGUAt2LOfFHfPLLJvcwJoDSaFm1yJExr2Rw0RrO', 'Toronto', 'Hi Im Daniel Kuznetzov, and I love photography. Pano is great!', '2017-03-04 17:41:07', 3, '0'),
(12422, 'Sally', 'Thompson', 'TheOneAndOnlyBook', 'TheOneAndOnlyBook@panoapp.com', '$2y$10$tWwQRZGyhvN3W0YFKRZ/cO2nmRDJax5XJaQ386H64ArHweOJuWKt6', 'Montpellier', 'Hi Im Sally Thompson, and I love photography. Pano is great!', '2017-03-04 17:41:07', 3, '0'),
(12423, 'Michelle', 'Nguyen', 'ThePotato246', 'ThePotato246@mail.com', '$2y$10$puNV95xYewpXqnjpjJs3e..ZR5w34WM49olMz4r987PMSn5DfMGVO', 'Montreal', 'Hi Im Michelle Nguyen, and I love photography. Pano is great!', '2017-03-04 17:41:08', 3, '0'),
(12424, 'Sarah', 'Walker', 'AwesomeElephant', 'AwesomeElephant@supermail.com', '$2y$10$MzVHC1FqYqfCE6qIHjOHpuPKAjvF71HYIBYc0gtwYw.7uAFfuxT8S', 'New York', 'Hi Im Sarah Walker, and I love photography. Pano is great!', '2017-03-04 17:41:08', 3, '0'),
(12425, 'Sally', 'Zhao', 'SpecialSpeaker', 'SpecialSpeaker@mail.com', '$2y$10$ePFiP9oFHIUB.sA9OOqcUOnLbJxvxjzRmpdUVP8Uk37varieSeUX2', 'Dublin', 'Hi Im Sally Zhao, and I love photography. Pano is great!', '2017-03-04 17:41:08', 3, '0'),
(12426, 'Andrew', 'Ling', 'AwesomePlayer', 'AwesomePlayer@ok.com', '$2y$10$OagxNAnEnYb3Tt6sWISvZ.WRaFOMwA1BD1dFgh8lbAEyQUDeBxJU2', 'Paris', 'Hi Im Andrew Ling, and I love photography. Pano is great!', '2017-03-04 17:41:08', 1, '0'),
(12427, 'Maisie', 'Nguyen', 'amazingAntKing', 'amazingAntKing@lol.com', '$2y$10$486TAGeixbzIawI.Te4Oo.zQWkAvgS5Pw7EC5nR3JvVy0mH0CxFw2', 'Edinburgh', 'Hi Im Maisie Nguyen, and I love photography. Pano is great!', '2017-03-04 17:41:09', 3, '0'),
(12428, 'Drew', 'Thompson', 'TheRealPro_gal', 'TheRealPro_gal@lol.com', '$2y$10$JnMDeXlvqje.tLJD3ot9xOvqlk4gizfx/OsddKMrEKdFLohTDikR6', 'Dublin', 'Hi Im Drew Thompson, and I love photography. Pano is great!', '2017-03-04 17:41:09', 3, '0'),
(12429, 'Sarah', 'Kuznetzov', 'GreatTunaGirl', 'GreatTunaGirl@panoapp.com', '$2y$10$L251KOwaRdmX5VvfYLhgweFArOjVXZsn8GCEzUxMWaRqTHrh1YA26', 'San Francisco', 'Hi Im Sarah Kuznetzov, and I love photography. Pano is great!', '2017-03-04 17:41:09', 3, '0'),
(12430, 'John', 'Garcia', 'LazyOrangutan_fan', 'LazyOrangutan_fan@master.com', '$2y$10$KB18toUgrXrTfUyTE4lyXeqqGwGHR/HpVEDrDxBZDW3zmJxwjXDn6', 'New York', 'Hi Im John Garcia, and I love photography. Pano is great!', '2017-03-04 17:41:10', 3, '0'),
(12431, 'Peter', 'Johnson', 'TheUndisputedZebraGirl', 'TheUndisputedZebraGirl@mail.com', '$2y$10$SWpIgYIkBAQvff9w3Xvnb.cjhP89Jacdbm.HdUvVMa5gx3evR/Dxe', 'New York', 'Hi Im Peter Johnson, and I love photography. Pano is great!', '2017-03-04 17:41:10', 3, '0'),
(12432, 'Harry', 'Gonzalez', 'TheMonsterGirl', 'TheMonsterGirl@master.com', '$2y$10$CUuxgJPVv66St84h73TSpOViGE2um7iiHmSf64WTJzKukEKfG1LTS', 'London', 'Hi Im Harry Gonzalez, and I love photography. Pano is great!', '2017-03-04 17:41:10', 3, '0'),
(12433, 'Peter', 'Martina', 'AngryBowl', 'AngryBowl@panoapp.com', '$2y$10$HfVaYunUE1IDslmpt4MKru0MFKcK9c0bKMUXjjFeU83HQbZyLE822', 'Berlin', 'Hi Im Peter Martina, and I love photography. Pano is great!', '2017-03-04 17:41:11', 3, '0'),
(12434, 'Harry', 'Nguyen', 'SuperMonsterKing', 'SuperMonsterKing@lol.com', '$2y$10$LR/g.H/0zvPYGMEN1fVRWugMhi3a08EMc4peWaRLMNfUbdNKhTEqm', 'Montpellier', 'Hi Im Harry Nguyen, and I love photography. Pano is great!', '2017-03-04 17:41:11', 3, '0'),
(12435, 'Peter', 'Wu', 'TheUndisputedElephantmaster', 'TheUndisputedElephantmaster@panoapp.com', '$2y$10$l3myL66wU3Hre93YdnfPvujLuiOWyQKP/FHybh8vp7KtIfFfEHZim', 'Washington DC', 'Hi Im Peter Wu, and I love photography. Pano is great!', '2017-03-04 17:43:20', 3, '0'),
(12436, 'Drew', 'Wu', 'CrazyAntEaterLass', 'CrazyAntEaterLass@panoapp.com', '$2y$10$uBChQ4n4VbtIqFTYOuvQUuKFdMg6ZQXGM5Wl3gj/JFOLK6of1E61m', 'Montpellier', 'Hi Im Drew Wu, and I love photography. Pano is great!', '2017-03-04 17:43:21', 3, '0'),
(12437, 'Claire', 'Ivanov', 'SillyOrangutanMaster', 'SillyOrangutanMaster@panoapp.com', '$2y$10$wzFw7t1iYEfUrRmEx3FCjeYbvHSjqrK894LYGRvrx.MJgyuYsYnW6', 'New York', 'Hi Im Claire Ivanov, and I love photography. Pano is great!', '2017-03-04 17:43:21', 3, '0'),
(12438, 'Michelle', 'Park', 'SuperProGirl', 'SuperProGirl@supermail.com', '$2y$10$Z3FAB4AlszXqhqy.b5xf8eoeqiEKZK9NsAX19WnzFHD1soAZ9K.Vu', 'Montreal', 'Hi Im Michelle Park, and I love photography. Pano is great!', '2017-03-04 17:45:35', 3, '0'),
(12439, 'Sally', 'Martina', 'CrazyAntEaterKid', 'CrazyAntEaterKid@master.com', '$2y$10$e0iOOAQbjN/SvqZmmzCZJe.AqOG.Nveci2sSU6zSLV4r2XPRafhUC', 'Chicago', 'Hi Im Sally Martina, and I love photography. Pano is great!', '2017-03-04 17:45:35', 3, '0'),
(12440, 'Sarah', 'Johnson', 'SillyElephant_kid', 'SillyElephant_kid@supermail.com', '$2y$10$/ngHYtHUGYfb.oiBJg1i8eXr6c84psrqk4Uj6oKxDaESCIP1uMiyu', 'Toronto', 'Hi Im Sarah Johnson, and I love photography. Pano is great!', '2017-03-04 17:45:36', 3, '0'),
(12441, 'Jonathan', 'Gunaydin', 'SneakyBook1', 'SneakyBook1@panoapp.com', '$2y$10$n9xQ5aPLWrBgc.epM73MEuJhETRHjS8FjllXcFuKxkM4O1hC6mpSe', 'London', 'Hi Im Jonathan Gunaydin, and I love photography. Pano is great!', '2017-03-10 20:16:53', 3, '0'),
(12442, 'Jess', 'Nguyen', 'AwesomeBottle', 'AwesomeBottle@ucl.ac.uk', '$2y$10$uEiGBhZFZSaiopI0HaDWne0Rhmi/me42yZbb8H9ZYtVCkCi8jiZtS', 'San Francisco', 'Hi Im Jess Nguyen, and I love photography. Pano is great!', '2017-03-10 20:16:53', 3, '0'),
(12443, 'Michelle', 'Nguyen', 'amazingBottleLass', 'amazingBottleLass@master.com', '$2y$10$Zk1hKuMQU15mhjEJYqviH.I5/JU25XyVhi6ceDKXEosysyywLlXlm', 'Chicago', 'Hi Im Michelle Nguyen, and I love photography. Pano is great!', '2017-03-10 20:16:53', 3, '0'),
(12444, 'Fynn', 'Dewald', 'fynn', 'fynn@gmail.com', '$2y$10$GnDQaLqudLFIIPX9208zRO62AnjG8T42IsknR3wn0Fcjv42VNOOZ.', 'London', 'I love Law', '2017-03-10 23:59:17', 3, '0'),
(12445, 'Yolo', 'Wizard', 'YoloWizard', 'yolo@wizard.com', '$2y$10$HVyaVW7tXvjBDGmyz7ivu.3Tz5fh3QfRMItPH6OD5o8HqvisDqqFW', 'Hodor', 'I stack shields', '2017-03-12 14:45:26', 2, '0'),
(12448, 'Thomas', 'Tank', 'PenguinKing', 'penguinking@mail.com', '$2y$10$uTVBAjADg7HlN2GhQ/.Q3eEeHqfYUUF4FS9gBxCZ4vMfWRSlaltrW', 'Belfast, United Kingdom', 'I like Thomas the Tank Engine', '2017-03-14 03:37:24', 3, '0'),
(12450, 'John', 'Johnson', 'JohnJohnson', 'johnjohn@lol.com', '$2y$10$selwfxibgY05ulwKf9IQbeTj67d5vYy8Ww34fTBt4u3YID/bkJodu', 'London, ON, Canada', 'I\'m awesome!', '2017-03-14 03:49:29', 3, '0'),
(12451, 'Aaron', 'Anger', 'AngryBoy', 'angryboy@mail.com', '$2y$10$aOpPyE.fESUe2OgsEOQE/OvFpFO8tii6SlFUA6bQlU17izHvVHQRu', 'London, United Kingdom', 'Scientific research is my life, but I like panoramas too!', '2017-03-15 14:45:57', 3, '12451'),
(12471, 'de', 'bugger', 'debugger', 'debugger@gmail.com', '$2y$10$preXbnpxvxHwr3wVOBoDp.JiLYOAtmOiKsi8.cXeRJSXflkXNIz7S', 'London, United Kingdom', 'i am debugging', '2017-03-16 00:30:36', 3, '0'),
(12481, 'Chiara', 'Diekmann', 'Kiki', 'chiara.diekmann93@gmail.com', '$2y$10$3GSgSZaOFJORn56GNsZXsOOYHHGq5uSoYWOL.ywXXQON1ofrhAzgK', 'Berlin, Deutschland', 'Funny', '2017-03-16 06:35:11', 3, '0'),
(12491, 'Test', 'Ing', 'testing123', 'testin@test.test', '$2y$10$zAI10aliVg/szQKMXj0dD.dLGnfIRiwzu0xjngPJeiCsv4C3i4FIa', 'Tester Road, Snohomish, WA, United States', 'I am testing', '2017-03-16 09:37:35', 3, '0'),
(12501, 'fdggfdgfd', 'gfdgfd', 'ghfghfhg', 'gdhhgdgdh@gmail.com', '$2y$10$goS34L9Sbk78EcETpAt0LuSeGLD6bxt2Hz5syH.c1YHN/bPV3NCOO', 'London', 'dfssfdsfdsdfs', '2017-03-16 14:05:01', 3, '0'),
(12512, 'Antonia', 'Pann', 'Antonia_p', 'antonia.puder@gmx.de', '$2y$10$i0JWWUbVcAXuQ4X5lPoJmug29TaIzdz1wwFR6hACl5Df5XEpStACW', 'Maastricht, Netherlands', 'Travel the World', '2017-03-16 17:00:51', 3, '12512'),
(12521, 'Herbert', 'Grönemeier', 'TestUser', 'tester@ucl.ac.uk', '$2y$10$P9k1VJ34ARdPQoFesoR6fOnNpG.eL/4/D5EdFMF0Rq/ojRilAht.q', 'London', 'created by Lucas', '2017-03-16 17:20:25', 3, '0'),
(12531, 'test', 'test', 'test12345', 'hello@nothing.com', '$2y$10$Qmt/Zyxap6v1n8N57E865.oAPIU89iSDNCPMGgfue8OOi6VYnKfIi', 'Testelt, Scherpenheuvel-Zichem, Belgium', 'kph', '2017-03-16 17:31:11', 3, '0'),
(12541, 'Cool', 'Bro', 'coolbro', 'coolbro@mail.com', '$2y$10$Fn1ki52fyTrk0ieBwgR0dOa21w9gnocyyQmue5xu.bnv2DQXh4pey', 'London', 'I am cool', '2017-03-17 11:01:40', 3, '0'),
(12551, 'Lucas', 'Valtl', 'new_user123', '123@online.com', '$2y$10$YUACWXjjHjjc6nj.ZJG8veeMYx3OxdE/SX0zBu/BO/G6MFwM6P47q', 'Melbourne, Victoria, Australia', 'hi there', '2017-03-17 13:05:15', 3, '0'),
(12561, 'Graham', 'Roberts', 'Graham', 'wifodidem@cheaphub.net', '$2y$10$Fb7Tgk8FnDiG1dRdoZAGIOV7wkkk3tdabsAIL0J.K.FiL0IQLXySW', 'London', 'It\'s a design decision', '2017-03-18 00:25:32', 3, '0'),
(12571, 'M', 'Robot', 'MsRobot', 'pf5864@suioe.com', '$2y$10$wNPID5vLHaSITda6Y6cYjOehVNoP4AsNb08RfWo1HXTy5u/eLgFuq', 'USA', 'nooo', '2017-03-18 11:41:05', 3, '0'),
(12581, 'Daniel', 'Kremerov', 'Daniel', 'danielkremerov@gmail.com', '$2y$10$7q5Gn2EVpNrUTBQx/Mhio.aBBvnRUNous994edsbjlR2Ha1z.bOoq', 'Krefeld, Germany', 'Daniel', '2017-03-18 11:52:31', 3, '0'),
(12591, 'CG', 'Xie', 'cgxie', 'cgxie1962@gmail.com', '$2y$10$PEQXXPYGvXOLgoTeS7XC0O6zamhynEt3ONjbG1bB9m3pZFTTuWAtW', 'Singapore', 'Father of two lovely sons!', '2017-03-18 12:36:59', 3, '12591'),
(12601, 'YUAN', 'CHEN', 'Yuan', 'yuanchen1962@gmail.com', '$2y$10$bwknOkfVZzLPz.3GrFqLOe6.HFds2LtgJEZo64EJzcNCu1yTA0RAm', 'Singapore', 'I am a Mother of two sons,  at moment,  living in Singapore  and enjoing the sumshine all year round.', '2017-03-18 12:37:57', 3, '12601'),
(12611, 'Daniel', 'Xie', 'huadcore', 'danielxie1995@gmail.com', '$2y$10$G6WCXttNU3gIo3tSSIAuQemj7tF79q8W0uGYgOSqzrtEc.BW9L6Qq', 'London, United Kingdom', '', '2017-03-18 18:07:59', 3, '0'),
(12621, 'aneesa', 'ahmed', 'Aneesa', 'aneesaahmed@icloud.com', '$2y$10$x2FXbRaN0NNkACi8.lMiaOvzUHWCBUSiHxcM3cIZYvOO8Z4y1AKBG', 'London, United Kingdom', ':)', '2017-03-18 20:30:17', 3, '0'),
(12631, 'Diogo', 'Kudo', 'Diogo', 'diogoslkudo@gmail.com', '$2y$10$u6p1EsgKSoPjF0xmgEEqiezWUJiAVMHHteStKKGGPJ688D4sCJeai', 'Brazil', 'Travel and good cuisine lover.', '2017-03-18 21:46:00', 1, '0'),
(12641, 'Philipp', 'Maegel', 'Phimae', 'Phimae@me.com', '$2y$10$100ivBL/O1loWseCwb9F7O2grBAhPCrIO7cRKDmxBnG9Y4jK.0JWm', 'Dublin, Ireland', 'Its me', '2017-03-19 00:51:27', 3, '0'),
(12651, 'Adriana', 'Bee', 'xoxo', 'adriana.be@live.com', '$2y$10$Xulf7QwiXS92WwKa/9Khn..Hm/CvMqfEzdrkx4Dvb85B07/VPU1EW', 'London, Vereinigtes Königreich', 'LOL', '2017-03-22 22:34:52', 3, '0'),
(12661, 'Daniel', 'Wainryb', 'danielwyb', 'danielwyb@icloud.com', '$2y$10$5VcUPPjUoMa6yalNLAj8/.vnsQYx5O56y1gpy61lu1fZh/7nCVgpy', 'Munich, Germany', 'Me', '2017-03-23 14:52:22', 3, '0'),
(12671, 'Vinci', 'Gazali', 'DaVinci', 'vncgrvs@gmail.com', '$2y$10$d16f76DjxWd6mmaN8lRXMO3Wl0xxuZKJx8bKVLPQtaYNb2.QiLoJu', 'Rotterdam, Netherlands', 'good looking', '2017-03-25 16:58:01', 3, '0'),
(12681, 'Penis', 'Penis', 'Penis', 'Penis@penis.penis', '$2y$10$9kBf1W7V0I4yHmVWW8qfveQKHlWvKW1NcUU.YEyG61y5vhzv6WGRm', 'Peníscola, Castellón, Espagne', 'Penis', '2017-03-26 22:55:27', 3, '0');

-- --------------------------------------------------------

--
-- Table structure for table `usergroupmapping`
--

CREATE TABLE `usergroupmapping` (
  `GroupID` int(40) NOT NULL,
  `UserID` int(20) NOT NULL
) ENGINE=InnoDB DEFAULT CHARSET=utf8 ROW_FORMAT=COMPACT;

--
-- Dumping data for table `usergroupmapping`
--

INSERT INTO `usergroupmapping` (`GroupID`, `UserID`) VALUES
(21, 12399),
(31, 12399),
(61, 12399),
(21, 12400),
(31, 12400),
(41, 12400),
(51, 12400),
(21, 12401),
(31, 12401),
(21, 12402),
(31, 12402),
(51, 12512),
(61, 12591),
(61, 12601),
(61, 12611);

--
-- Indexes for dumped tables
--

--
-- Indexes for table `collections`
--
ALTER TABLE `collections`
  ADD PRIMARY KEY (`CollectionID`),
  ADD KEY `CollectionsOwnerConstraint` (`OwnerID`),
  ADD KEY `CollectionsGroupConstraint` (`GroupID`),
  ADD KEY `CollectionsPrivacyConstraint` (`SettingID`);

--
-- Indexes for table `comments`
--
ALTER TABLE `comments`
  ADD PRIMARY KEY (`CommentID`,`UserID`),
  ADD KEY `CommentsUserConstraint` (`UserID`),
  ADD KEY `CommentsPostConstraint` (`PostID`);

--
-- Indexes for table `friendrecommendations`
--
ALTER TABLE `friendrecommendations`
  ADD PRIMARY KEY (`UserID`),
  ADD KEY `Friend1Constraint` (`FriendID1`),
  ADD KEY `Friend2Constraint` (`FriendID2`),
  ADD KEY `Friend3Constraint` (`FriendID3`),
  ADD KEY `Friend4Constraint` (`FriendID4`),
  ADD KEY `Friend5Constraint` (`FriendID5`);

--
-- Indexes for table `friendrequests`
--
ALTER TABLE `friendrequests`
  ADD PRIMARY KEY (`UserID`,`FriendID`),
  ADD KEY `FriendConstraint` (`FriendID`);

--
-- Indexes for table `friends`
--
ALTER TABLE `friends`
  ADD PRIMARY KEY (`UserID`,`FriendID`),
  ADD KEY `FriendsFriendConstraint` (`FriendID`);

--
-- Indexes for table `groups`
--
ALTER TABLE `groups`
  ADD PRIMARY KEY (`GroupID`),
  ADD KEY `GroupsCreatorConstraint` (`CreatorID`);

--
-- Indexes for table `likes`
--
ALTER TABLE `likes`
  ADD PRIMARY KEY (`PostID`,`UserID`),
  ADD KEY `LikesUserConstraint` (`UserID`);

--
-- Indexes for table `messages`
--
ALTER TABLE `messages`
  ADD PRIMARY KEY (`MessageID`),
  ADD KEY `MessagesGroupConstraint` (`GroupID`),
  ADD KEY `MessagesUserConstraint` (`UserID`);

--
-- Indexes for table `photocollectionsmapping`
--
ALTER TABLE `photocollectionsmapping`
  ADD PRIMARY KEY (`CollectionID`,`PostID`),
  ADD KEY `PhotoCollectionsPostConstraint` (`PostID`);

--
-- Indexes for table `posts`
--
ALTER TABLE `posts`
  ADD PRIMARY KEY (`PostID`),
  ADD KEY `PostsUserConstraint` (`UserID`);

--
-- Indexes for table `privacysettings`
--
ALTER TABLE `privacysettings`
  ADD PRIMARY KEY (`SettingID`);

--
-- Indexes for table `tags`
--
ALTER TABLE `tags`
  ADD PRIMARY KEY (`TagID`),
  ADD UNIQUE KEY `TagName` (`TagName`);

--
-- Indexes for table `tagspostsmapping`
--
ALTER TABLE `tagspostsmapping`
  ADD PRIMARY KEY (`TagID`,`PostID`),
  ADD KEY `TagPostPostConstraint` (`PostID`);

--
-- Indexes for table `user`
--
ALTER TABLE `user`
  ADD PRIMARY KEY (`UserID`),
  ADD UNIQUE KEY `UserName` (`UserName`);

--
-- Indexes for table `usergroupmapping`
--
ALTER TABLE `usergroupmapping`
  ADD PRIMARY KEY (`GroupID`,`UserID`),
  ADD KEY `UserGroupUserConstraint` (`UserID`);

--
-- AUTO_INCREMENT for dumped tables
--

--
-- AUTO_INCREMENT for table `collections`
--
ALTER TABLE `collections`
  MODIFY `CollectionID` int(40) NOT NULL AUTO_INCREMENT, AUTO_INCREMENT=81;
--
-- AUTO_INCREMENT for table `comments`
--
ALTER TABLE `comments`
  MODIFY `CommentID` int(40) NOT NULL AUTO_INCREMENT, AUTO_INCREMENT=11731;
--
-- AUTO_INCREMENT for table `groups`
--
ALTER TABLE `groups`
  MODIFY `GroupID` int(40) NOT NULL AUTO_INCREMENT, AUTO_INCREMENT=71;
--
-- AUTO_INCREMENT for table `messages`
--
ALTER TABLE `messages`
  MODIFY `MessageID` int(40) NOT NULL AUTO_INCREMENT, AUTO_INCREMENT=261;
--
-- AUTO_INCREMENT for table `tags`
--
ALTER TABLE `tags`
  MODIFY `TagID` int(20) NOT NULL AUTO_INCREMENT, AUTO_INCREMENT=1861;
--
-- AUTO_INCREMENT for table `user`
--
ALTER TABLE `user`
  MODIFY `UserID` int(20) NOT NULL AUTO_INCREMENT, AUTO_INCREMENT=12691;
--
-- Constraints for dumped tables
--

--
-- Constraints for table `collections`
--
ALTER TABLE `collections`
  ADD CONSTRAINT `CollectionsGroupConstraint` FOREIGN KEY (`GroupID`) REFERENCES `groups` (`GroupID`),
  ADD CONSTRAINT `CollectionsOwnerConstraint` FOREIGN KEY (`OwnerID`) REFERENCES `user` (`UserID`),
  ADD CONSTRAINT `CollectionsPrivacyConstraint` FOREIGN KEY (`SettingID`) REFERENCES `privacysettings` (`SettingID`);

--
-- Constraints for table `comments`
--
ALTER TABLE `comments`
  ADD CONSTRAINT `CommentsPostConstraint` FOREIGN KEY (`PostID`) REFERENCES `posts` (`PostID`),
  ADD CONSTRAINT `CommentsUserConstraint` FOREIGN KEY (`UserID`) REFERENCES `user` (`UserID`);

--
-- Constraints for table `friendrecommendations`
--
ALTER TABLE `friendrecommendations`
  ADD CONSTRAINT `ForeignKeyConstraint` FOREIGN KEY (`UserID`) REFERENCES `user` (`UserID`),
  ADD CONSTRAINT `Friend1Constraint` FOREIGN KEY (`FriendID1`) REFERENCES `user` (`UserID`),
  ADD CONSTRAINT `Friend2Constraint` FOREIGN KEY (`FriendID2`) REFERENCES `user` (`UserID`),
  ADD CONSTRAINT `Friend3Constraint` FOREIGN KEY (`FriendID3`) REFERENCES `user` (`UserID`),
  ADD CONSTRAINT `Friend4Constraint` FOREIGN KEY (`FriendID4`) REFERENCES `user` (`UserID`),
  ADD CONSTRAINT `Friend5Constraint` FOREIGN KEY (`FriendID5`) REFERENCES `user` (`UserID`);

--
-- Constraints for table `friendrequests`
--
ALTER TABLE `friendrequests`
  ADD CONSTRAINT `FriendConstraint` FOREIGN KEY (`FriendID`) REFERENCES `user` (`UserID`),
  ADD CONSTRAINT `UserConstraint` FOREIGN KEY (`UserID`) REFERENCES `user` (`UserID`);

--
-- Constraints for table `friends`
--
ALTER TABLE `friends`
  ADD CONSTRAINT `FriendsFriendConstraint` FOREIGN KEY (`FriendID`) REFERENCES `user` (`UserID`),
  ADD CONSTRAINT `FriendsUserConstraint` FOREIGN KEY (`UserID`) REFERENCES `user` (`UserID`);

--
-- Constraints for table `groups`
--
ALTER TABLE `groups`
  ADD CONSTRAINT `GroupsCreatorConstraint` FOREIGN KEY (`CreatorID`) REFERENCES `user` (`UserID`);

--
-- Constraints for table `likes`
--
ALTER TABLE `likes`
  ADD CONSTRAINT `LikesPostConstraint` FOREIGN KEY (`PostID`) REFERENCES `posts` (`PostID`),
  ADD CONSTRAINT `LikesUserConstraint` FOREIGN KEY (`UserID`) REFERENCES `user` (`UserID`);

--
-- Constraints for table `messages`
--
ALTER TABLE `messages`
  ADD CONSTRAINT `MessagesGroupConstraint` FOREIGN KEY (`GroupID`) REFERENCES `groups` (`GroupID`),
  ADD CONSTRAINT `MessagesUserConstraint` FOREIGN KEY (`UserID`) REFERENCES `user` (`UserID`);

--
-- Constraints for table `photocollectionsmapping`
--
ALTER TABLE `photocollectionsmapping`
  ADD CONSTRAINT `PhotoCollectionsCollectionConstraint` FOREIGN KEY (`CollectionID`) REFERENCES `collections` (`CollectionID`),
  ADD CONSTRAINT `PhotoCollectionsPostConstraint` FOREIGN KEY (`PostID`) REFERENCES `posts` (`PostID`);

--
-- Constraints for table `posts`
--
ALTER TABLE `posts`
  ADD CONSTRAINT `PostsUserConstraint` FOREIGN KEY (`UserID`) REFERENCES `user` (`UserID`);

--
-- Constraints for table `tagspostsmapping`
--
ALTER TABLE `tagspostsmapping`
  ADD CONSTRAINT `TagPostPostConstraint` FOREIGN KEY (`PostID`) REFERENCES `posts` (`PostID`),
  ADD CONSTRAINT `TagPostTagConstraint` FOREIGN KEY (`TagID`) REFERENCES `tags` (`TagID`);

--
-- Constraints for table `usergroupmapping`
--
ALTER TABLE `usergroupmapping`
  ADD CONSTRAINT `UserGroupGroupConstraint` FOREIGN KEY (`GroupID`) REFERENCES `groups` (`GroupID`),
  ADD CONSTRAINT `UserGroupUserConstraint` FOREIGN KEY (`UserID`) REFERENCES `user` (`UserID`);

/*!40101 SET CHARACTER_SET_CLIENT=@OLD_CHARACTER_SET_CLIENT */;
/*!40101 SET CHARACTER_SET_RESULTS=@OLD_CHARACTER_SET_RESULTS */;
/*!40101 SET COLLATION_CONNECTION=@OLD_COLLATION_CONNECTION */;
